-- Users
INSERT INTO users (id, username, email, password, first_name, last_name, flat_number, street_address, city, postal_code, country, preferred_language, avatar_url, is_email_verified, disabled) VALUES ('432a6a46-b2a8-42d3-9e8a-b3bc0573db19', 'john_doe', 'john.doe@example.com', '$2a$10$FZLU/ajV2PZmD9cXiZqNMuruo592lNW13uKcICG5oEBdnfYNbej1e', 'John', 'Doe', '123', '123 Main St', 'Anytown', '12345', 'USA', 'en', '', true, false);
INSERT INTO users (id, username, email, password, first_name, last_name, flat_number, street_address, city, postal_code, country, preferred_language, avatar_url, is_email_verified, disabled) VALUES ('d1cfa2bd-38da-4159-b956-d2d125716257', 'jane_smith', 'jane.smith@example.com', '$2a$10$FZLU/ajV2PZmD9cXiZqNMuruo592lNW13uKcICG5oEBdnfYNbej1e', 'Jane', 'Smith', '456', '456 Elm St', 'Othertown', '67890', 'USA', 'en', '', true, false);
INSERT INTO users (id, username, email, password, first_name, last_name, flat_number, street_address, city, postal_code, country, preferred_language, avatar_url, is_email_verified, disabled) VALUES ('60249cc9-5823-4a7c-88d7-4c67748dbb53', 'alice_jones', 'alice.jones@example.com', '$2a$10$FZLU/ajV2PZmD9cXiZqNMuruo592lNW13uKcICG5oEBdnfYNbej1e', 'Alice', 'Jones', '789', '789 Oak St', 'Somewhere', '54321', 'Canada', 'fr', '', false, true);
INSERT INTO users (id, username, email, password, first_name, last_name, flat_number, street_address, city, postal_code, country, preferred_language, avatar_url, is_email_verified, disabled) VALUES ('d195fc96-b352-426e-b9db-e5296acec408', 'bob_brown', 'bob.brown@example.com', '$2a$10$FZLU/ajV2PZmD9cXiZqNMuruo592lNW13uKcICG5oEBdnfYNbej1e', 'Bob', 'Brown', '101', '101 Pine St', 'Nowhere', '98765', 'Mexico', 'es', '', true, false);
INSERT INTO users (id, username, email, password, first_name, last_name, flat_number, street_address, city, postal_code, country, preferred_language, avatar_url, is_email_verified, disabled) VALUES ('d34ce04c-9a79-4d4d-a533-88d4266c3c3b', 'emily_davis', 'emily.davis@example.com', '$2a$10$FZLU/ajV2PZmD9cXiZqNMuruo592lNW13uKcICG5oEBdnfYNbej1e', 'Emily', 'Davis', '202', '202 Cedar St', 'Anothertown', '24680', 'Germany', 'de', 'https://example.com/avatars/emily_davis.jpg', true, false);
INSERT INTO users (id, username, email, password, first_name, last_name, flat_number, street_address, city, postal_code, country, preferred_language, avatar_url, is_email_verified, disabled) VALUES ('6d73f03d-50fc-4b69-8ceb-d7f9791a13ba', 'michael_wilson', 'michael.wilson@example.com', '$2a$10$FZLU/ajV2PZmD9cXiZqNMuruo592lNW13uKcICG5oEBdnfYNbej1e', 'Michael', 'Wilson', '303', '303 Birch St', 'Somecity', '13579', 'Spain', 'es', '', true, false);
INSERT INTO users (id, username, email, password, first_name, last_name, flat_number, street_address, city, postal_code, country, preferred_language, avatar_url, is_email_verified, disabled) VALUES ('9c26ac0d-ab26-411b-8238-0f7a130bf967', 'olivia_martinez', 'olivia.martinez@example.com', '$2a$10$FZLU/ajV2PZmD9cXiZqNMuruo592lNW13uKcICG5oEBdnfYNbej1e', 'Olivia', 'Martinez', '404', '404 Maple St', 'Anothercity', '24680', 'France', 'fr', '', true, false);
INSERT INTO users (id, username, email, password, first_name, last_name, flat_number, street_address, city, postal_code, country, preferred_language, avatar_url, is_email_verified, disabled) VALUES ('da1a2634-143a-4028-b821-6459f9cdd6a2', 'david_lee', 'david.lee@example.com', '$2a$10$FZLU/ajV2PZmD9cXiZqNMuruo592lNW13uKcICG5oEBdnfYNbej1e', 'David', 'Lee', '505', '505 Oak St', 'Somewhere', '12345', 'China', 'zh', '', true, false);
INSERT INTO users (id, username, email, password, first_name, last_name, flat_number, street_address, city, postal_code, country, preferred_language, avatar_url, is_email_verified, disabled) VALUES ('cae3e61f-06fe-4469-a15f-f9e2d60a7b6a', 'sophia_garcia', 'sophia.garcia@example.com', '$2a$10$FZLU/ajV2PZmD9cXiZqNMuruo592lNW13uKcICG5oEBdnfYNbej1e', 'Sophia', 'Garcia', '606', '606 Pine St', 'Nowhere', '67890', 'Spain', 'es', '', true, false);
INSERT INTO users (id, username, email, password, first_name, last_name, flat_number, street_address, city, postal_code, country, preferred_language, avatar_url, is_email_verified, disabled) VALUES ('885df314-dac1-48fe-a33e-e2b792c3e7c7', 'charlie_rodriguez', 'charlie.rodriguez@example.com', '$2a$10$FZLU/ajV2PZmD9cXiZqNMuruo592lNW13uKcICG5oEBdnfYNbej1e', 'Charlie', 'Rodriguez', '707', '707 Cedar St', 'Anothertown', '54321', 'Mexico', 'es', '', true, false);
INSERT INTO users (id, username, email, password, first_name, last_name, flat_number, street_address, city, postal_code, country, preferred_language, avatar_url, is_email_verified, disabled) VALUES ('836a0e4d-8bc5-4cdc-b2a0-f98dd04080b5', 'me', 'me@example.com', '$2a$10$FZLU/ajV2PZmD9cXiZqNMuruo592lNW13uKcICG5oEBdnfYNbej1e', 'Me', 'Me', '808', '808 Birch St', 'Somewhere', '12345', 'USA', 'en', 'https://mdbcdn.b-cdn.net/img/new/avatars/2.webp', true, false);
INSERT INTO users (id, username, email, password, first_name, last_name, flat_number, street_address, city, postal_code, country, preferred_language, avatar_url, is_email_verified, disabled) VALUES ('bcca1fa5-ef15-4f52-a923-3dccc66a95eb', 'ava_walker', 'ava.walker@example.com', '$2a$10$FZLU/ajV2PZmD9cXiZqNMuruo592lNW13uKcICG5oEBdnfYNbej1e', 'Ava', 'Walker', '909', '909 Cedar St', 'Anothertown', '67890', 'USA', 'en', '', true, false);
INSERT INTO users (id, username, email, password, first_name, last_name, flat_number, street_address, city, postal_code, country, preferred_language, avatar_url, is_email_verified, disabled) VALUES ('fdb9e254-489a-405b-8882-0f35afd0a4a7', 'noah_turner', 'noah.turner@example.com', '$2a$10$FZLU/ajV2PZmD9cXiZqNMuruo592lNW13uKcICG5oEBdnfYNbej1e', 'Noah', 'Turner', '1010', '1010 Pine St', 'Nowhere', '54321', 'USA', 'en', '', true, false);
INSERT INTO users (id, username, email, password, first_name, last_name, flat_number, street_address, city, postal_code, country, preferred_language, avatar_url, is_email_verified, disabled) VALUES ('5d109106-b83a-4539-9989-a0460e9afa6a', 'mia_hall', 'mia.hall@example.com', '$2a$10$FZLU/ajV2PZmD9cXiZqNMuruo592lNW13uKcICG5oEBdnfYNbej1e', 'Mia', 'Hall', '1111', '1111 Oak St', 'Somewhere', '12345', 'USA', 'en', '', true, false);
INSERT INTO users (id, username, email, password, first_name, last_name, flat_number, street_address, city, postal_code, country, preferred_language, avatar_url, is_email_verified, disabled) VALUES ('c70a4017-e86a-457d-9ab8-e18be62ebeed', 'qcastel', 'quentincastel86@gmail.com', '$2a$10$FZLU/ajV2PZmD9cXiZqNMuruo592lNW13uKcICG5oEBdnfYNbej1e', 'Quentin', 'Castel', '', '119 route des oriolleres', 'Mignaloux-Beauvoir', '86550', 'France', 'en', '', true, false);
INSERT INTO users (id, username, email, password, first_name, last_name, flat_number, street_address, city, postal_code, country, preferred_language, avatar_url, is_email_verified, disabled) VALUES ('3862169b-55fa-44cb-b17e-d49eda9d8870', 'afrancani', 'allan.francani@pm.me', '$2a$10$FZLU/ajV2PZmD9cXiZqNMuruo592lNW13uKcICG5oEBdnfYNbej1e', 'Allan', 'Francani', '', '', 'Haut-Savoie', '74100', 'France', 'en', '', true, false);
INSERT INTO notification_settings (user_id, enable_notifications) VALUES ('432a6a46-b2a8-42d3-9e8a-b3bc0573db19', true);
INSERT INTO notification_settings (user_id, enable_notifications) VALUES ('d1cfa2bd-38da-4159-b956-d2d125716257', true);
INSERT INTO notification_settings (user_id, enable_notifications) VALUES ('60249cc9-5823-4a7c-88d7-4c67748dbb53', true);
INSERT INTO notification_settings (user_id, enable_notifications) VALUES ('d195fc96-b352-426e-b9db-e5296acec408', true);
INSERT INTO notification_settings (user_id, enable_notifications) VALUES ('d34ce04c-9a79-4d4d-a533-88d4266c3c3b', true);
INSERT INTO notification_settings (user_id, enable_notifications) VALUES ('6d73f03d-50fc-4b69-8ceb-d7f9791a13ba', true);
INSERT INTO notification_settings (user_id, enable_notifications) VALUES ('9c26ac0d-ab26-411b-8238-0f7a130bf967', true);
INSERT INTO notification_settings (user_id, enable_notifications) VALUES ('da1a2634-143a-4028-b821-6459f9cdd6a2', true);
INSERT INTO notification_settings (user_id, enable_notifications) VALUES ('cae3e61f-06fe-4469-a15f-f9e2d60a7b6a', true);
INSERT INTO notification_settings (user_id, enable_notifications) VALUES ('885df314-dac1-48fe-a33e-e2b792c3e7c7', true);
INSERT INTO notification_settings (user_id, enable_notifications) VALUES ('836a0e4d-8bc5-4cdc-b2a0-f98dd04080b5', true);
INSERT INTO notification_settings (user_id, enable_notifications) VALUES ('bcca1fa5-ef15-4f52-a923-3dccc66a95eb', true);
INSERT INTO notification_settings (user_id, enable_notifications) VALUES ('fdb9e254-489a-405b-8882-0f35afd0a4a7', true);
INSERT INTO notification_settings (user_id, enable_notifications) VALUES ('5d109106-b83a-4539-9989-a0460e9afa6a', true);
INSERT INTO notification_settings (user_id, enable_notifications) VALUES ('c70a4017-e86a-457d-9ab8-e18be62ebeed', true);
INSERT INTO notification_settings (user_id, enable_notifications) VALUES ('3862169b-55fa-44cb-b17e-d49eda9d8870', true);

-- Communities
INSERT INTO communities (id, name, description, picture, requires_approval, location_name, address, lat, lng) VALUES ('a8b2225c-0766-406c-94b0-9fda21e05218', 'Communauté de l''anneau', 'La communauté de l''anneau est une communauté de Hobbits qui veulent protéger la Terre du Milieu.', 'https://e0.pxfuel.com/wallpapers/258/960/desktop-wallpaper-the-one-ring.jpg', False, 'Mordor', '123 Bagshot Row, Hobbiton, The Shire', -43.455046454725355, 171.30580294612173);
INSERT INTO communities (id, name, description, picture, requires_approval, location_name, address, lat, lng) VALUES ('fcbae48b-1bdc-4458-84d6-54a7e996db8e', 'Terres de Laya', 'Terres de Laya est un écoquartier avec des ambitions écologiques fortes aux portes du Bourget du Lac', 'https://terresdelaya.fr/terres-de-laya-header.png', True, 'L''eco-hammeau des granges', 'All. de la Dent du Chat, 73290 La Motte-Servolex', 45.632249361296964, 5.86580778251088);
INSERT INTO communities (id, name, description, picture, requires_approval, location_name, address, lat, lng) VALUES ('36b63ace-d8b4-4ff6-8888-b48283721aab', 'Poitiers - Beaulieu', 'Beaulieu est une communauté offrant un cadre de vie urbain avec des espaces verts, idéale pour les résidents cherchant un équilibre entre la ville et la nature.', '/media/communities/beaulieu.png', False, 'Parc urbain de Beaulieu', 'Bd René Cassin, 86000 Poitiers', 46.573076, 0.384676);
INSERT INTO communities (id, name, description, picture, requires_approval, location_name, address, lat, lng) VALUES ('e31ddb44-8596-4723-b52c-9152b27cee54', 'Poitiers - Les 3 cités', 'Les 3 cités est une communauté connue pour son dynamisme culturel et sa forte cohésion communautaire, offrant un mélange d''espaces résidentiels et commerciaux.', 'media/communities/3cites.png', False, 'Parc du Triangle d''Or', '10 Rue Jean de la Fontaine, 86280 Saint-Benoît', 46.564059669449655, 0.3449034728364043);
INSERT INTO communities (id, name, description, picture, requires_approval, location_name, address, lat, lng) VALUES ('a418f7f3-e853-4430-9bf5-c33440fa38cf', 'Poitiers - Les rocs', 'Les rocs est une communauté renommée pour son importance historique et architecturale, offrant un exemple typique de vie urbaine bien préservée avec une riche histoire et un fort sentiment de communauté.', 'media/communities/lesrocs.png', False, 'Place Chocquin de Sarzec', '8-14 Av. de la Paix, 86000 Poitiers', 46.590152, 0.333012);
INSERT INTO communities (id, name, description, picture, requires_approval, location_name, address, lat, lng) VALUES ('02f7e795-5536-478a-8217-ec8e60405d83', 'Poitiers - Centre-ville', 'Poitiers - Centre-ville est une communauté dynamique située au cœur de la ville, offrant une variété d''espaces commerciaux et résidentiels, ainsi qu''un accès facile aux services et aux attractions touristiques.', 'media/communities/poitierscentreville.png', False, 'Place de la République', '15 Pl. du Maréchal-Leclerc, 86000 Poitiers', 46.58303704967021, 0.34204776768581924);

-- Libraries
INSERT INTO libraries (id, name, community_id, free_access, is_admin, requires_approval, instructions, location_name, address, lat, lng) VALUES ('2503ad7a-069c-4e2a-ae79-a876e1257557', 'Common space', 'fcbae48b-1bdc-4458-84d6-54a7e996db8e', true, true, false, 'Please follow the guidelines for hub usage. Ensure all members are registered and adhere to the library rules. Maintain cleanliness and report any issues to the admin.', '', '', 0.0, 0.0);
INSERT INTO libraries (id, name, community_id, free_access, is_admin, requires_approval, instructions, location_name, address, lat, lng) VALUES ('b7120bf8-d482-4b95-b6c0-2324d480ef3a', 'Garage 102', 'fcbae48b-1bdc-4458-84d6-54a7e996db8e', false, true, true, 'Reserve an items and as I am using it too, I will let you know when it''s available. Once approved, you can pick it up from the garage. For certain items, I will require a deposit.', '', '', 0.0, 0.0);
INSERT INTO libraries (id, name, community_id, free_access, is_admin, requires_approval, instructions, location_name, address, lat, lng) VALUES ('9780620e-2ceb-4734-89fe-45cc430c0b84', 'Garage 212', 'fcbae48b-1bdc-4458-84d6-54a7e996db8e', false, true, true, 'Reserve an items and as I am using it too, I will let you know when it''s available. Once approved, you can pick it up from the garage. For certain items, I will require a deposit.', '', '', 0.0, 0.0);
INSERT INTO libraries (id, name, community_id, free_access, is_admin, requires_approval, instructions, location_name, address, lat, lng) VALUES ('411c6d81-4c32-4212-8103-e4beaf252e3a', 'Mordor', 'a8b2225c-0766-406c-94b0-9fda21e05218', false, true, true, 'Reserve an items and as I am using it too, I will let you know when it''s available. Once approved, you can pick it up from the garage. For certain items, I will require a deposit.', '', '', 0.0, 0.0);
INSERT INTO libraries (id, name, community_id, free_access, is_admin, requires_approval, instructions, location_name, address, lat, lng) VALUES ('a27a7cd0-6b5b-489d-aff3-48fec80c2327', 'Bibliothèque de Beaulieu', '36b63ace-d8b4-4ff6-8888-b48283721aab', true, true, false, 'Veuillez suivre les directives d''utilisation du hub. Assurez-vous que tous les membres sont enregistrés et respectent les règles de la bibliothèque. Maintenez la propreté et signalez tout problème à l''administrateur.', '', '', 0.0, 0.0);
INSERT INTO libraries (id, name, community_id, free_access, is_admin, requires_approval, instructions, location_name, address, lat, lng) VALUES ('e21e04ac-58e4-4f82-b693-2c9d480b0a73', 'Bibliothèque des 3 cités', 'e31ddb44-8596-4723-b52c-9152b27cee54', true, true, false, 'Veuillez suivre les directives d''utilisation du hub. Assurez-vous que tous les membres sont enregistrés et respectent les règles de la bibliothèque. Maintenez la propreté et signalez tout problème à l''administrateur.', '', '', 0.0, 0.0);
INSERT INTO libraries (id, name, community_id, free_access, is_admin, requires_approval, instructions, location_name, address, lat, lng) VALUES ('4c8afacc-121e-421c-89d5-e83d9b6315c0', 'Bibliothèque des rocs', 'a418f7f3-e853-4430-9bf5-c33440fa38cf', true, true, false, 'Veuillez suivre les directives d''utilisation du hub. Assurez-vous que tous les membres sont enregistrés et respectent les règles de la bibliothèque. Maintenez la propreté et signalez tout problème à l''administrateur.', '', '', 0.0, 0.0);
INSERT INTO libraries (id, name, community_id, free_access, is_admin, requires_approval, instructions, location_name, address, lat, lng) VALUES ('318e4e5e-6857-4f7e-b518-ef92c8aab734', 'Bibliothèque de Poitiers', '02f7e795-5536-478a-8217-ec8e60405d83', true, true, false, 'Veuillez suivre les directives d''utilisation du hub. Assurez-vous que tous les membres sont enregistrés et respectent les règles de la bibliothèque. Maintenez la propreté et signalez tout problème à l''administrateur.', '', '', 0.0, 0.0);

-- Item Categories
INSERT INTO categories (id, name, icon, color, template) VALUES ('ae7e4c23-8de0-41ac-9bad-1e273b382055', 'books', '@tui.book', '#b71964', 'Book Template');
INSERT INTO categories (id, name, icon, color, template) VALUES ('dc6c2c3a-c178-4b4c-bebd-b58dded8c2f7', 'electronics', '@tui.tv', '#1d71ac', 'Electronics Template');
INSERT INTO categories (id, name, icon, color, template) VALUES ('b66c1059-9581-4b7b-847d-169226b9944c', 'clothing', '@tui.shirt', '#8a1bcc', 'Clothing Template');
INSERT INTO categories (id, name, icon, color, template) VALUES ('a61cda29-22b6-4cce-a624-bde6cb3cc767', 'diy', '@tui.hammer', '#f58220', 'DIY Template');
INSERT INTO categories (id, name, icon, color, template) VALUES ('251280e9-e48a-4ea2-af36-193f6ddf7914', 'beauty health', '@tui.heart', '#e17ac4', 'Beauty & Health Template');
INSERT INTO categories (id, name, icon, color, template) VALUES ('4deb8100-ea63-46d0-a0dc-e262d18508cb', 'sports outdoors', '@tui.bike', '#2a7f3d', 'Sports & Outdoors Template');
INSERT INTO categories (id, name, icon, color, template) VALUES ('1431fbca-9a06-44b8-816a-d5d6c7e79b78', 'camping', '@tui.tent', '#4f9c38', 'Camping Template');
INSERT INTO categories (id, name, icon, color, template) VALUES ('4c5328be-14c1-4840-9d47-bb24e50be5a9', 'gardening', '@tui.flower', '#4ca24c', 'Gardening Template');
INSERT INTO categories (id, name, icon, color, template) VALUES ('4c86bdd6-7940-4e4a-84ef-4801e786be7e', 'vehicle', '@tui.car', '#019cdb', 'Vehicle Template');
INSERT INTO categories (id, name, icon, color, template) VALUES ('f64f267c-1964-4526-8e45-e5dc0193df41', 'home', '@tui.home', '#d08000', 'Home Template');
INSERT INTO categories (id, name, icon, color, template) VALUES ('9e8f210f-d153-400f-b94e-6c66f9eba700', 'kids', '@tui.baby', '#e0b100', 'Kids Template');
INSERT INTO categories (id, name, icon, color, template) VALUES ('2f800262-677d-4c5e-888e-b29f965ec2b2', 'events', '@tui.calendar', '#e7315c', 'Events Template');
INSERT INTO categories (id, name, icon, color, template) VALUES ('1269889a-d6ae-44fc-a481-d3356956d870', 'multimedia', '@tui.video', '#1e9ee7', 'Multimedia Template');
INSERT INTO categories (id, name, icon, color, template) VALUES ('ec0deb0a-5e9a-4f77-b3b5-a0d53218e041', 'travel', '@tui.train-front', '#f09830', 'Travel Template');
INSERT INTO categories (id, name, icon, color, template) VALUES ('0c587804-519d-4de1-a7c7-61b700ecdcf3', 'safety', '@tui.shield', '#f57d2b', 'Safety Template');

-- Items and Borrow Records
INSERT INTO items (id, name, description, short_description, image_url, located, created_at, borrow_count, favorite, owner, library_id, category_id, community_id) VALUES ('db03813a-491c-4cc3-962d-f4544010d29c', 'The Four Agreements', 'Les Otis Chips sont les derniers produits d''une série similaire de Schimmel - Renner. Résumé : Les Otis Chips sont les nouveaux produits de Schimmel - Renner.', 'Les Otis Chips sont les nouveaux produits de Schimmel - Renner.', '/items/1.jpg', 'ShareSpace', '2024-12-29T20:51:37.186Z', 2, True, 'TheOpenShelf', '2503ad7a-069c-4e2a-ae79-a876e1257557', 'ae7e4c23-8de0-41ac-9bad-1e273b382055', 'fcbae48b-1bdc-4458-84d6-54a7e996db8e');
INSERT INTO borrow_records (id, item_id, borrowed_by, reservation_date, start_date, end_date, pickup_date, effective_return_date, status) VALUES ('8de31afa-a5cc-479a-acc0-360a18d746c2', 'db03813a-491c-4cc3-962d-f4544010d29c', 'da1a2634-143a-4028-b821-6459f9cdd6a2', '2025-01-22', '2025-08-21', '2025-08-28', '2025-08-21', NULL, 'RESERVED_CONFIRMED');
INSERT INTO borrow_records (id, item_id, borrowed_by, reservation_date, start_date, end_date, pickup_date, effective_return_date, status) VALUES ('ae00f0b9-bd0a-4736-aa55-a68f298e9bb9', 'db03813a-491c-4cc3-962d-f4544010d29c', '836a0e4d-8bc5-4cdc-b2a0-f98dd04080b5', '2024-01-05', '2024-01-29', '2024-02-04', '2024-01-29', '2024-02-04', 'RETURNED_ON_TIME');
INSERT INTO borrow_records (id, item_id, borrowed_by, reservation_date, start_date, end_date, pickup_date, effective_return_date, status) VALUES ('2e1c2aae-937b-4ca5-94f5-920409f4f3cb', 'db03813a-491c-4cc3-962d-f4544010d29c', '836a0e4d-8bc5-4cdc-b2a0-f98dd04080b5', '2024-10-03', '2024-10-27', '2024-11-02', '2024-10-27', '2024-11-03', 'RETURNED_LATE');
INSERT INTO borrow_records (id, item_id, borrowed_by, reservation_date, start_date, end_date, pickup_date, effective_return_date, status) VALUES ('c657d546-a27d-4632-82d6-10f21bc760b8', 'db03813a-491c-4cc3-962d-f4544010d29c', '836a0e4d-8bc5-4cdc-b2a0-f98dd04080b5', '2024-11-24', '2024-11-28', '2024-12-01', '2024-11-28', '2024-11-30', 'RETURNED_EARLY');
INSERT INTO borrow_records (id, item_id, borrowed_by, reservation_date, start_date, end_date, pickup_date, effective_return_date, status) VALUES ('08e75bba-2c64-46d3-bbe5-3da8f9fa922a', 'db03813a-491c-4cc3-962d-f4544010d29c', '836a0e4d-8bc5-4cdc-b2a0-f98dd04080b5', '2025-01-16', '2025-05-02', '2025-05-07', '2025-05-02', NULL, 'RESERVED_CONFIRMED');
INSERT INTO borrow_records (id, item_id, borrowed_by, reservation_date, start_date, end_date, pickup_date, effective_return_date, status) VALUES ('a5f5a406-da57-4b7b-948b-aee8bb1c9fbe', 'db03813a-491c-4cc3-962d-f4544010d29c', '836a0e4d-8bc5-4cdc-b2a0-f98dd04080b5', '2024-10-23', '2024-10-31', '2024-11-02', '2024-10-29', '2024-11-01', 'RETURNED_EARLY');
INSERT INTO items (id, name, description, short_description, image_url, located, created_at, borrow_count, favorite, owner, library_id, category_id, community_id) VALUES ('219394f7-26c3-4ac9-b609-0b959941c56a', 'Licensed Metal Cheese', 'Nouvelles chaussures turquoise avec un design ergonomique pour un confort joyeux. Résumé : Chaussures turquoise ergonomiques pour un confort joyeux.', 'Chaussures turquoise ergonomiques pour un confort joyeux.', '/items/2.jpg', 'ShareSpace', '2024-12-29T20:51:37.203Z', 9, False, 'TheOpenShelf', '2503ad7a-069c-4e2a-ae79-a876e1257557', '0c587804-519d-4de1-a7c7-61b700ecdcf3', 'fcbae48b-1bdc-4458-84d6-54a7e996db8e');
INSERT INTO borrow_records (id, item_id, borrowed_by, reservation_date, start_date, end_date, pickup_date, effective_return_date, status) VALUES ('73ecf397-272f-4233-958d-634998c5d1e5', '219394f7-26c3-4ac9-b609-0b959941c56a', '5d109106-b83a-4539-9989-a0460e9afa6a', '2024-07-12', '2024-08-09', '2024-08-14', '2024-08-09', '2024-08-14', 'RETURNED_ON_TIME');
INSERT INTO items (id, name, description, short_description, image_url, located, created_at, borrow_count, favorite, owner, library_id, category_id, community_id) VALUES ('caf4392b-e0b1-4c1a-bc32-5f0b493ba061', 'Ergonomic Metal Pants', 'Poulet élégant conçu pour vous démarquer avec un look écrasant.  Résumé : Poulet élégant pour un look écrasant.', 'Poulet élégant pour un look écrasant.', '/items/3.jpg', 'ShareSpace', '2024-12-29T20:51:37.265Z', 2, False, 'TheOpenShelf', '2503ad7a-069c-4e2a-ae79-a876e1257557', 'ec0deb0a-5e9a-4f77-b3b5-a0d53218e041', 'fcbae48b-1bdc-4458-84d6-54a7e996db8e');
INSERT INTO borrow_records (id, item_id, borrowed_by, reservation_date, start_date, end_date, pickup_date, effective_return_date, status) VALUES ('87e476c6-7c7d-4f62-9a9a-646dc7bf4a37', 'caf4392b-e0b1-4c1a-bc32-5f0b493ba061', '9c26ac0d-ab26-411b-8238-0f7a130bf967', '2024-06-19', '2024-07-10', '2024-07-17', '2024-07-10', '2024-07-17', 'RETURNED_ON_TIME');
INSERT INTO borrow_records (id, item_id, borrowed_by, reservation_date, start_date, end_date, pickup_date, effective_return_date, status) VALUES ('23101bf0-d113-4386-85e4-c7d18121bd48', 'caf4392b-e0b1-4c1a-bc32-5f0b493ba061', '836a0e4d-8bc5-4cdc-b2a0-f98dd04080b5', '2025-01-14', '2025-09-20', '2025-09-27', '2025-09-20', NULL, 'RESERVED_CONFIRMED');
INSERT INTO borrow_records (id, item_id, borrowed_by, reservation_date, start_date, end_date, pickup_date, effective_return_date, status) VALUES ('e4663ef7-5c5e-4684-ab81-3d62c74ce967', 'caf4392b-e0b1-4c1a-bc32-5f0b493ba061', 'd34ce04c-9a79-4d4d-a533-88d4266c3c3b', '2025-01-12', '2025-06-20', '2025-06-23', '2025-06-18', NULL, 'RESERVED_CONFIRMED');
INSERT INTO borrow_records (id, item_id, borrowed_by, reservation_date, start_date, end_date, pickup_date, effective_return_date, status) VALUES ('51558d35-05d2-4569-8326-890584ed91e9', 'caf4392b-e0b1-4c1a-bc32-5f0b493ba061', '432a6a46-b2a8-42d3-9e8a-b3bc0573db19', '2025-01-15', '2025-10-21', '2025-10-28', '2025-10-21', NULL, 'RESERVED_CONFIRMED');
INSERT INTO borrow_records (id, item_id, borrowed_by, reservation_date, start_date, end_date, pickup_date, effective_return_date, status) VALUES ('4dae37e8-6d22-4ed3-93c5-873f2bf838e6', 'caf4392b-e0b1-4c1a-bc32-5f0b493ba061', '836a0e4d-8bc5-4cdc-b2a0-f98dd04080b5', '2024-07-11', '2024-07-19', '2024-07-22', '2024-07-19', '2024-07-21', 'RETURNED_EARLY');
INSERT INTO borrow_records (id, item_id, borrowed_by, reservation_date, start_date, end_date, pickup_date, effective_return_date, status) VALUES ('f7659091-101e-4c90-9f81-a912ec42387c', 'caf4392b-e0b1-4c1a-bc32-5f0b493ba061', 'da1a2634-143a-4028-b821-6459f9cdd6a2', '2025-01-09', '2025-06-26', '2025-06-28', '2025-06-24', NULL, 'RESERVED_CONFIRMED');
INSERT INTO items (id, name, description, short_description, image_url, located, created_at, borrow_count, favorite, owner, library_id, category_id, community_id) VALUES ('5562d06b-7cff-424c-9a9b-beecea669292', 'Luxurious Granite Pants', 'Chapeau sans marque conçu avec du plastique pour une performance remarquable. Résumé : Chapeau sans marque en plastique pour performance optimale.', 'Chapeau sans marque en plastique pour performance optimale.', '/items/4.jpg', 'ShareSpace', '2024-12-29T20:51:37.161Z', 15, False, 'TheOpenShelf', '2503ad7a-069c-4e2a-ae79-a876e1257557', '9e8f210f-d153-400f-b94e-6c66f9eba700', 'fcbae48b-1bdc-4458-84d6-54a7e996db8e');
INSERT INTO borrow_records (id, item_id, borrowed_by, reservation_date, start_date, end_date, pickup_date, effective_return_date, status) VALUES ('f2a10109-cde2-4fae-9714-8feee8b4f5e6', '5562d06b-7cff-424c-9a9b-beecea669292', 'da1a2634-143a-4028-b821-6459f9cdd6a2', '2024-10-05', '2024-10-29', '2024-11-04', '2024-10-28', '2024-11-04', 'RETURNED_ON_TIME');
INSERT INTO items (id, name, description, short_description, image_url, located, created_at, borrow_count, favorite, owner, library_id, category_id, community_id) VALUES ('11bbea60-0157-42fb-a92e-0b90de0e72dd', 'Handcrafted Plastic Ball', 'Ordinateur ergonomique fabriqué avec des matériaux de qualité pour un soutien lustré toute la journée. Résumé : Ordinateur ergonomique pour un soutien confortable toute la journée.', 'Ordinateur ergonomique pour un soutien confortable toute la journée.', '/items/5.jpg', 'ShareSpace', '2024-12-29T20:51:37.145Z', 2, True, 'TheOpenShelf', '2503ad7a-069c-4e2a-ae79-a876e1257557', 'f64f267c-1964-4526-8e45-e5dc0193df41', 'fcbae48b-1bdc-4458-84d6-54a7e996db8e');
INSERT INTO borrow_records (id, item_id, borrowed_by, reservation_date, start_date, end_date, pickup_date, effective_return_date, status) VALUES ('ee2da520-9cc1-4d0a-9fbf-1dea52f366e0', '11bbea60-0157-42fb-a92e-0b90de0e72dd', '885df314-dac1-48fe-a33e-e2b792c3e7c7', '2025-01-11', '2025-12-27', '2026-01-03', '2025-12-27', NULL, 'RESERVED_CONFIRMED');
INSERT INTO borrow_records (id, item_id, borrowed_by, reservation_date, start_date, end_date, pickup_date, effective_return_date, status) VALUES ('5cdf5931-9df1-4da0-83b2-cb20433de4e8', '11bbea60-0157-42fb-a92e-0b90de0e72dd', 'da1a2634-143a-4028-b821-6459f9cdd6a2', '2025-01-21', '2025-05-13', '2025-05-19', '2025-05-11', NULL, 'RESERVED_CONFIRMED');
INSERT INTO borrow_records (id, item_id, borrowed_by, reservation_date, start_date, end_date, pickup_date, effective_return_date, status) VALUES ('3a76cf1c-b57d-4d0b-bdd4-a5369e5190ab', '11bbea60-0157-42fb-a92e-0b90de0e72dd', '9c26ac0d-ab26-411b-8238-0f7a130bf967', '2025-01-09', '2025-07-15', '2025-07-19', '2025-07-15', NULL, 'RESERVED_CONFIRMED');
INSERT INTO items (id, name, description, short_description, image_url, located, created_at, borrow_count, favorite, owner, library_id, category_id, community_id) VALUES ('8cb5b881-ba8f-4816-a179-93957c1aea47', 'Fantastic Soft Sausages', 'Découvrez le thon inspiré des Comores, mêlant style sans pareil et artisanat local. Résumé : Thon des Comores alliant style unique et savoir-faire local.', 'Thon des Comores alliant style unique et savoir-faire local.', '/items/6.jpg', 'ShareSpace', '2024-12-29T20:51:37.187Z', 12, False, 'TheOpenShelf', '2503ad7a-069c-4e2a-ae79-a876e1257557', '9e8f210f-d153-400f-b94e-6c66f9eba700', 'fcbae48b-1bdc-4458-84d6-54a7e996db8e');
INSERT INTO borrow_records (id, item_id, borrowed_by, reservation_date, start_date, end_date, pickup_date, effective_return_date, status) VALUES ('aab19ed0-210c-4931-bd5d-ea266e0e047e', '8cb5b881-ba8f-4816-a179-93957c1aea47', '836a0e4d-8bc5-4cdc-b2a0-f98dd04080b5', '2025-01-08', '2025-01-15', '2025-01-21', '2025-01-15', '2025-01-22', 'RETURNED_LATE');
INSERT INTO borrow_records (id, item_id, borrowed_by, reservation_date, start_date, end_date, pickup_date, effective_return_date, status) VALUES ('8404fd4c-ad65-4ac8-b400-4d98bcaf29a3', '8cb5b881-ba8f-4816-a179-93957c1aea47', '836a0e4d-8bc5-4cdc-b2a0-f98dd04080b5', '2025-01-11', '2025-12-08', '2025-12-13', '2025-12-06', NULL, 'RESERVED_CONFIRMED');
INSERT INTO borrow_records (id, item_id, borrowed_by, reservation_date, start_date, end_date, pickup_date, effective_return_date, status) VALUES ('4c4d66fe-b701-4e2e-b112-f84ae8a793d9', '8cb5b881-ba8f-4816-a179-93957c1aea47', 'd195fc96-b352-426e-b9db-e5296acec408', '2024-01-25', '2024-02-08', '2024-02-10', '2024-02-07', '2024-02-10', 'RETURNED_ON_TIME');
INSERT INTO items (id, name, description, short_description, image_url, located, created_at, borrow_count, favorite, owner, library_id, category_id, community_id) VALUES ('11161e71-0f49-4915-b884-cf3b60ee2351', 'Gorgeous Bronze Sausages', 'Nouvelles chips à la menthe avec un design ergonomique pour le confort des félins.  Résumé : Chips à la menthe ergonomiques pour chats.', 'Chips à la menthe ergonomiques pour chats.', '/items/7.jpg', 'ShareSpace', '2024-12-29T20:51:37.151Z', 20, True, 'TheOpenShelf', '2503ad7a-069c-4e2a-ae79-a876e1257557', '0c587804-519d-4de1-a7c7-61b700ecdcf3', 'fcbae48b-1bdc-4458-84d6-54a7e996db8e');
INSERT INTO borrow_records (id, item_id, borrowed_by, reservation_date, start_date, end_date, pickup_date, effective_return_date, status) VALUES ('c81a17ec-70ca-4882-91c6-1717685ec2bc', '11161e71-0f49-4915-b884-cf3b60ee2351', '836a0e4d-8bc5-4cdc-b2a0-f98dd04080b5', '2025-01-09', '2025-09-15', '2025-09-17', '2025-09-15', NULL, 'RESERVED_CONFIRMED');
INSERT INTO borrow_records (id, item_id, borrowed_by, reservation_date, start_date, end_date, pickup_date, effective_return_date, status) VALUES ('f5e0fc35-5f72-417e-8829-d05c16761613', '11161e71-0f49-4915-b884-cf3b60ee2351', '432a6a46-b2a8-42d3-9e8a-b3bc0573db19', '2024-03-01', '2024-03-08', '2024-03-09', '2024-03-08', '2024-03-08', 'RETURNED_EARLY');
INSERT INTO borrow_records (id, item_id, borrowed_by, reservation_date, start_date, end_date, pickup_date, effective_return_date, status) VALUES ('8965a0f3-5937-4ad9-addb-17ae63b889d6', '11161e71-0f49-4915-b884-cf3b60ee2351', '836a0e4d-8bc5-4cdc-b2a0-f98dd04080b5', '2024-07-07', '2024-07-09', '2024-07-15', '2024-07-09', '2024-07-15', 'RETURNED_ON_TIME');
INSERT INTO items (id, name, description, short_description, image_url, located, created_at, borrow_count, favorite, owner, library_id, category_id, community_id) VALUES ('4dfdab90-0c75-4561-a0b8-d42218f333bb', 'Ulysses', 'Thon élégant conçu pour vous démarquer avec un look magnifique.  Résumé : Thon élégant pour un look magnifique.', 'Thon élégant pour un look magnifique.', '/items/8.jpg', 'ShareSpace', '2024-12-29T20:51:37.222Z', 15, False, 'TheOpenShelf', '2503ad7a-069c-4e2a-ae79-a876e1257557', 'ae7e4c23-8de0-41ac-9bad-1e273b382055', 'fcbae48b-1bdc-4458-84d6-54a7e996db8e');
INSERT INTO borrow_records (id, item_id, borrowed_by, reservation_date, start_date, end_date, pickup_date, effective_return_date, status) VALUES ('8bd6e355-e249-4d29-aee2-cb181d674c0b', '4dfdab90-0c75-4561-a0b8-d42218f333bb', '836a0e4d-8bc5-4cdc-b2a0-f98dd04080b5', '2025-01-01', '2025-01-01', '2025-01-07', '2025-01-01', NULL, 'BORROWED_LATE');
INSERT INTO items (id, name, description, short_description, image_url, located, created_at, borrow_count, favorite, owner, library_id, category_id, community_id) VALUES ('3bcade67-9958-431c-a930-08767ecff590', 'Gorgeous Rubber Keyboard', 'Avec la technologie améliorée au technétium, notre voiture offre des performances exceptionnelles.  Résumé : Voiture performante grâce à la technologie au technétium.', 'Voiture performante grâce à la technologie au technétium.', '/items/9.jpg', 'ShareSpace', '2024-12-29T20:51:37.251Z', 16, True, 'TheOpenShelf', '2503ad7a-069c-4e2a-ae79-a876e1257557', 'f64f267c-1964-4526-8e45-e5dc0193df41', 'fcbae48b-1bdc-4458-84d6-54a7e996db8e');
INSERT INTO borrow_records (id, item_id, borrowed_by, reservation_date, start_date, end_date, pickup_date, effective_return_date, status) VALUES ('cea24b7f-a1f7-4ba4-a2ea-0b12481e786e', '3bcade67-9958-431c-a930-08767ecff590', '836a0e4d-8bc5-4cdc-b2a0-f98dd04080b5', '2025-01-09', '2025-07-16', '2025-07-20', '2025-07-16', NULL, 'RESERVED_CONFIRMED');
INSERT INTO borrow_records (id, item_id, borrowed_by, reservation_date, start_date, end_date, pickup_date, effective_return_date, status) VALUES ('4ceacfb3-3049-4f1b-a7ae-33202550f80d', '3bcade67-9958-431c-a930-08767ecff590', '836a0e4d-8bc5-4cdc-b2a0-f98dd04080b5', '2025-01-20', '2025-04-03', '2025-04-10', '2025-04-03', NULL, 'RESERVED_CONFIRMED');
INSERT INTO borrow_records (id, item_id, borrowed_by, reservation_date, start_date, end_date, pickup_date, effective_return_date, status) VALUES ('31056a9b-0aad-441f-b71e-fb63ff0aaf2d', '3bcade67-9958-431c-a930-08767ecff590', '836a0e4d-8bc5-4cdc-b2a0-f98dd04080b5', '2024-06-26', '2024-07-05', '2024-07-08', '2024-07-06', '2024-07-07', 'RETURNED_EARLY');
INSERT INTO borrow_records (id, item_id, borrowed_by, reservation_date, start_date, end_date, pickup_date, effective_return_date, status) VALUES ('0d806e58-83ce-472f-8de3-2d55efe63c66', '3bcade67-9958-431c-a930-08767ecff590', '836a0e4d-8bc5-4cdc-b2a0-f98dd04080b5', '2024-08-10', '2024-08-19', '2024-08-24', '2024-08-19', '2024-08-23', 'RETURNED_EARLY');
INSERT INTO borrow_records (id, item_id, borrowed_by, reservation_date, start_date, end_date, pickup_date, effective_return_date, status) VALUES ('cafa0d46-acce-4399-a548-f1b3e8209103', '3bcade67-9958-431c-a930-08767ecff590', 'd1cfa2bd-38da-4159-b956-d2d125716257', '2025-01-09', '2025-04-09', '2025-04-13', '2025-04-09', NULL, 'RESERVED_CONFIRMED');
INSERT INTO borrow_records (id, item_id, borrowed_by, reservation_date, start_date, end_date, pickup_date, effective_return_date, status) VALUES ('339fcd0f-63cb-41e8-92c4-5a928e685b05', '3bcade67-9958-431c-a930-08767ecff590', '5d109106-b83a-4539-9989-a0460e9afa6a', '2024-01-10', '2024-01-28', '2024-01-29', '2024-01-26', '2024-01-29', 'RETURNED_ON_TIME');
INSERT INTO items (id, name, description, short_description, image_url, located, created_at, borrow_count, favorite, owner, library_id, category_id, community_id) VALUES ('c258af51-563e-4550-b8da-d5fc44e76225', 'Bespoke Cotton Chicken', 'La Belle Shirt est le dernier produit frivole de la série proposée par Gleichner-Kerluke.  Résumé : La Belle Shirt est un produit frivole de Gleichner-Kerluke.', 'La Belle Shirt est un produit frivole de Gleichner-Kerluke.', '/items/10.jpg', 'ShareSpace', '2024-12-29T20:51:37.152Z', 7, False, 'TheOpenShelf', '2503ad7a-069c-4e2a-ae79-a876e1257557', '251280e9-e48a-4ea2-af36-193f6ddf7914', 'fcbae48b-1bdc-4458-84d6-54a7e996db8e');
INSERT INTO borrow_records (id, item_id, borrowed_by, reservation_date, start_date, end_date, pickup_date, effective_return_date, status) VALUES ('5094b790-00b9-4f68-b3f2-4443a91bddd6', 'c258af51-563e-4550-b8da-d5fc44e76225', '836a0e4d-8bc5-4cdc-b2a0-f98dd04080b5', '2024-01-18', '2024-01-29', '2024-02-04', '2024-01-29', '2024-02-04', 'RETURNED_ON_TIME');
INSERT INTO borrow_records (id, item_id, borrowed_by, reservation_date, start_date, end_date, pickup_date, effective_return_date, status) VALUES ('b08b4776-6d6a-481c-9c44-763781d9c380', 'c258af51-563e-4550-b8da-d5fc44e76225', 'da1a2634-143a-4028-b821-6459f9cdd6a2', '2025-01-21', '2025-11-21', '2025-11-22', '2025-11-21', NULL, 'RESERVED_CONFIRMED');
INSERT INTO borrow_records (id, item_id, borrowed_by, reservation_date, start_date, end_date, pickup_date, effective_return_date, status) VALUES ('1fea9ff4-3157-46bc-a495-b0547205849c', 'c258af51-563e-4550-b8da-d5fc44e76225', '9c26ac0d-ab26-411b-8238-0f7a130bf967', '2024-10-26', '2024-11-02', '2024-11-08', '2024-11-01', '2024-11-07', 'RETURNED_EARLY');
INSERT INTO borrow_records (id, item_id, borrowed_by, reservation_date, start_date, end_date, pickup_date, effective_return_date, status) VALUES ('47255a2a-4cdc-4790-9efe-4c1d9829d5bc', 'c258af51-563e-4550-b8da-d5fc44e76225', '836a0e4d-8bc5-4cdc-b2a0-f98dd04080b5', '2024-03-27', '2024-04-10', '2024-04-11', '2024-04-10', '2024-04-10', 'RETURNED_EARLY');
INSERT INTO borrow_records (id, item_id, borrowed_by, reservation_date, start_date, end_date, pickup_date, effective_return_date, status) VALUES ('56485e28-b5c8-44bc-8b14-df92d226ae71', 'c258af51-563e-4550-b8da-d5fc44e76225', '5d109106-b83a-4539-9989-a0460e9afa6a', '2025-01-14', '2025-07-17', '2025-07-22', '2025-07-16', NULL, 'RESERVED_CONFIRMED');
INSERT INTO borrow_records (id, item_id, borrowed_by, reservation_date, start_date, end_date, pickup_date, effective_return_date, status) VALUES ('bccf685a-606b-4288-90ef-4329071a7aa8', 'c258af51-563e-4550-b8da-d5fc44e76225', 'd34ce04c-9a79-4d4d-a533-88d4266c3c3b', '2024-08-03', '2024-08-30', '2024-09-06', '2024-08-31', '2024-09-06', 'RETURNED_ON_TIME');
INSERT INTO borrow_records (id, item_id, borrowed_by, reservation_date, start_date, end_date, pickup_date, effective_return_date, status) VALUES ('28fbbc56-7c55-4d72-98c4-633b9fc2ea3d', 'c258af51-563e-4550-b8da-d5fc44e76225', '836a0e4d-8bc5-4cdc-b2a0-f98dd04080b5', '2024-04-28', '2024-05-20', '2024-05-22', '2024-05-20', '2024-05-23', 'RETURNED_LATE');
INSERT INTO borrow_records (id, item_id, borrowed_by, reservation_date, start_date, end_date, pickup_date, effective_return_date, status) VALUES ('488afbee-6a4d-43c1-aeb9-bd7a68ee4f25', 'c258af51-563e-4550-b8da-d5fc44e76225', '432a6a46-b2a8-42d3-9e8a-b3bc0573db19', '2025-01-12', '2025-05-07', '2025-05-14', '2025-05-07', NULL, 'RESERVED_CONFIRMED');
INSERT INTO borrow_records (id, item_id, borrowed_by, reservation_date, start_date, end_date, pickup_date, effective_return_date, status) VALUES ('5d8783c2-3411-498b-a5b1-5a8c48e4c3ba', 'c258af51-563e-4550-b8da-d5fc44e76225', '432a6a46-b2a8-42d3-9e8a-b3bc0573db19', '2024-11-11', '2024-11-29', '2024-12-01', '2024-11-29', '2024-12-01', 'RETURNED_ON_TIME');
INSERT INTO items (id, name, description, short_description, image_url, located, created_at, borrow_count, favorite, owner, library_id, category_id, community_id) VALUES ('c7969e29-2ab4-446d-a9fe-3d7c6c7d0502', 'Fantastic Concrete Hat', 'La souris élégante et sardonique est dotée d''un éclairage LED lavande pour une fonctionnalité intelligente. Résumé : Souris élégante avec éclairage LED lavande pour une fonctionnalité intelligente.', 'Souris élégante avec éclairage LED lavande pour une fonctionnalité intelligente.', '/items/11.jpg', 'ShareSpace', '2024-12-29T20:51:37.203Z', 14, True, 'TheOpenShelf', '2503ad7a-069c-4e2a-ae79-a876e1257557', 'a61cda29-22b6-4cce-a624-bde6cb3cc767', 'fcbae48b-1bdc-4458-84d6-54a7e996db8e');
INSERT INTO borrow_records (id, item_id, borrowed_by, reservation_date, start_date, end_date, pickup_date, effective_return_date, status) VALUES ('2a841856-d397-4adc-bb2b-03e3b1a69f9b', 'c7969e29-2ab4-446d-a9fe-3d7c6c7d0502', '836a0e4d-8bc5-4cdc-b2a0-f98dd04080b5', '2024-12-22', '2025-01-05', '2025-01-09', '2025-01-03', '2025-01-10', 'RETURNED_LATE');
INSERT INTO borrow_records (id, item_id, borrowed_by, reservation_date, start_date, end_date, pickup_date, effective_return_date, status) VALUES ('ee9cd3b3-f341-435a-81f7-63e7a3f9eb75', 'c7969e29-2ab4-446d-a9fe-3d7c6c7d0502', '836a0e4d-8bc5-4cdc-b2a0-f98dd04080b5', '2025-01-20', '2025-02-13', '2025-02-16', '2025-02-13', NULL, 'BORROWED_ACTIVE');
INSERT INTO borrow_records (id, item_id, borrowed_by, reservation_date, start_date, end_date, pickup_date, effective_return_date, status) VALUES ('dca2c48a-7e61-41a0-a701-39b561347907', 'c7969e29-2ab4-446d-a9fe-3d7c6c7d0502', '836a0e4d-8bc5-4cdc-b2a0-f98dd04080b5', '2024-12-14', '2025-01-10', '2025-01-11', '2025-01-08', '2025-01-10', 'RETURNED_EARLY');
INSERT INTO borrow_records (id, item_id, borrowed_by, reservation_date, start_date, end_date, pickup_date, effective_return_date, status) VALUES ('54c24b37-833b-4dda-974d-93d6329a6e27', 'c7969e29-2ab4-446d-a9fe-3d7c6c7d0502', '836a0e4d-8bc5-4cdc-b2a0-f98dd04080b5', '2025-01-20', '2025-10-20', '2025-10-26', '2025-10-20', NULL, 'RESERVED_CONFIRMED');
INSERT INTO borrow_records (id, item_id, borrowed_by, reservation_date, start_date, end_date, pickup_date, effective_return_date, status) VALUES ('73929425-b520-4005-9ab9-ccbf80390d3a', 'c7969e29-2ab4-446d-a9fe-3d7c6c7d0502', '836a0e4d-8bc5-4cdc-b2a0-f98dd04080b5', '2025-01-09', '2025-07-28', '2025-07-30', '2025-07-28', NULL, 'RESERVED_CONFIRMED');
INSERT INTO items (id, name, description, short_description, image_url, located, created_at, borrow_count, favorite, owner, library_id, category_id, community_id) VALUES ('2781ea0e-cd14-4c36-8c39-d93ed168c86c', 'Cordless Vacuum Cleaner', 'Grâce à sa technologie améliorée au strontium, notre Bacon offre des performances inégalées à distance.  Résumé : Le Bacon offre des performances inégalées grâce à sa technologie au strontium.', 'Le Bacon offre des performances inégalées grâce à sa technologie au strontium.', '/items/12.jpg', 'ShareSpace', '2024-12-29T20:51:37.151Z', 8, True, 'TheOpenShelf', '2503ad7a-069c-4e2a-ae79-a876e1257557', 'dc6c2c3a-c178-4b4c-bebd-b58dded8c2f7', 'fcbae48b-1bdc-4458-84d6-54a7e996db8e');
INSERT INTO borrow_records (id, item_id, borrowed_by, reservation_date, start_date, end_date, pickup_date, effective_return_date, status) VALUES ('1b01bdd0-6968-43af-8105-9abdf65b8a51', '2781ea0e-cd14-4c36-8c39-d93ed168c86c', '836a0e4d-8bc5-4cdc-b2a0-f98dd04080b5', '2024-12-20', '2025-01-14', '2025-01-19', '2025-01-14', '2025-01-19', 'RETURNED_ON_TIME');
INSERT INTO borrow_records (id, item_id, borrowed_by, reservation_date, start_date, end_date, pickup_date, effective_return_date, status) VALUES ('e1e12cd3-449a-4473-8a74-e917693db602', '2781ea0e-cd14-4c36-8c39-d93ed168c86c', 'd34ce04c-9a79-4d4d-a533-88d4266c3c3b', '2025-01-17', '2025-10-31', '2025-11-06', '2025-10-31', NULL, 'RESERVED_CONFIRMED');
INSERT INTO items (id, name, description, short_description, image_url, located, created_at, borrow_count, favorite, owner, library_id, category_id, community_id) VALUES ('6c9ae844-c01d-4a83-b013-8d25a15ed6fb', 'Refined Soft Salad', 'Notre bacon inspiré des douceurs apporte une touche de luxe à votre super style de vie.  Résumé : Bacon sucré pour une touche de luxe dans votre vie.', 'Bacon sucré pour une touche de luxe dans votre vie.', '/items/13.jpg', 'ShareSpace', '2024-12-29T20:51:37.312Z', 14, True, 'TheOpenShelf', '2503ad7a-069c-4e2a-ae79-a876e1257557', 'a61cda29-22b6-4cce-a624-bde6cb3cc767', 'fcbae48b-1bdc-4458-84d6-54a7e996db8e');
INSERT INTO borrow_records (id, item_id, borrowed_by, reservation_date, start_date, end_date, pickup_date, effective_return_date, status) VALUES ('20da9ec0-60b0-4d9f-a107-1ae8208fb4b6', '6c9ae844-c01d-4a83-b013-8d25a15ed6fb', '885df314-dac1-48fe-a33e-e2b792c3e7c7', '2025-01-09', '2025-07-11', '2025-07-14', '2025-07-11', NULL, 'RESERVED_CONFIRMED');
INSERT INTO borrow_records (id, item_id, borrowed_by, reservation_date, start_date, end_date, pickup_date, effective_return_date, status) VALUES ('4017a1ca-a7e4-4404-b983-c3022812726e', '6c9ae844-c01d-4a83-b013-8d25a15ed6fb', '885df314-dac1-48fe-a33e-e2b792c3e7c7', '2025-01-17', '2025-03-24', '2025-03-29', '2025-03-22', NULL, 'RESERVED_CONFIRMED');
INSERT INTO items (id, name, description, short_description, image_url, located, created_at, borrow_count, favorite, owner, library_id, category_id, community_id) VALUES ('e640effe-2597-46af-bc54-31151c4a5bd5', 'Refined Plastic Shirt', 'Vélo innovant doté de la technologie de pointe et d''une construction en caoutchouc.  Résumé : Vélo innovant avec technologie avancée et structure en caoutchouc.', 'Vélo innovant avec technologie avancée et structure en caoutchouc.', '/items/14.jpg', 'ShareSpace', '2024-12-29T20:51:37.162Z', 1, False, 'TheOpenShelf', '2503ad7a-069c-4e2a-ae79-a876e1257557', '4c5328be-14c1-4840-9d47-bb24e50be5a9', 'fcbae48b-1bdc-4458-84d6-54a7e996db8e');
INSERT INTO borrow_records (id, item_id, borrowed_by, reservation_date, start_date, end_date, pickup_date, effective_return_date, status) VALUES ('aec7ccd4-2bbd-4e74-af77-68ec12373f91', 'e640effe-2597-46af-bc54-31151c4a5bd5', 'da1a2634-143a-4028-b821-6459f9cdd6a2', '2025-01-10', '2025-01-23', '2025-01-25', '2025-01-21', NULL, 'BORROWED_LATE');
INSERT INTO borrow_records (id, item_id, borrowed_by, reservation_date, start_date, end_date, pickup_date, effective_return_date, status) VALUES ('0049a2a2-efe9-4712-9c79-cd3f0282cf3a', 'e640effe-2597-46af-bc54-31151c4a5bd5', '836a0e4d-8bc5-4cdc-b2a0-f98dd04080b5', '2025-01-06', '2025-01-27', '2025-02-01', '2025-01-28', NULL, 'BORROWED_LATE');
INSERT INTO borrow_records (id, item_id, borrowed_by, reservation_date, start_date, end_date, pickup_date, effective_return_date, status) VALUES ('62fcc410-7139-4ec8-9468-2bc4826ab0c8', 'e640effe-2597-46af-bc54-31151c4a5bd5', '60249cc9-5823-4a7c-88d7-4c67748dbb53', '2025-01-11', '2025-08-31', '2025-09-05', '2025-08-31', NULL, 'RESERVED_CONFIRMED');
INSERT INTO borrow_records (id, item_id, borrowed_by, reservation_date, start_date, end_date, pickup_date, effective_return_date, status) VALUES ('81adeeb0-7dd6-4ac0-bf7c-7357a58a3bc0', 'e640effe-2597-46af-bc54-31151c4a5bd5', '9c26ac0d-ab26-411b-8238-0f7a130bf967', '2025-01-18', '2025-08-11', '2025-08-17', '2025-08-10', NULL, 'RESERVED_CONFIRMED');
INSERT INTO borrow_records (id, item_id, borrowed_by, reservation_date, start_date, end_date, pickup_date, effective_return_date, status) VALUES ('540a5550-2fea-4c68-98d3-b37392d1165e', 'e640effe-2597-46af-bc54-31151c4a5bd5', '836a0e4d-8bc5-4cdc-b2a0-f98dd04080b5', '2025-01-13', '2025-12-26', '2025-12-29', '2025-12-25', NULL, 'RESERVED_CONFIRMED');
INSERT INTO borrow_records (id, item_id, borrowed_by, reservation_date, start_date, end_date, pickup_date, effective_return_date, status) VALUES ('40e28515-09f5-49cf-9850-7ef436bde2bc', 'e640effe-2597-46af-bc54-31151c4a5bd5', '836a0e4d-8bc5-4cdc-b2a0-f98dd04080b5', '2025-01-21', '2025-06-08', '2025-06-14', '2025-06-08', NULL, 'RESERVED_CONFIRMED');
INSERT INTO borrow_records (id, item_id, borrowed_by, reservation_date, start_date, end_date, pickup_date, effective_return_date, status) VALUES ('414c2938-ccd1-4699-a3e3-cafac9cdb8c9', 'e640effe-2597-46af-bc54-31151c4a5bd5', '836a0e4d-8bc5-4cdc-b2a0-f98dd04080b5', '2025-01-19', '2025-05-22', '2025-05-28', '2025-05-22', NULL, 'RESERVED_CONFIRMED');
INSERT INTO borrow_records (id, item_id, borrowed_by, reservation_date, start_date, end_date, pickup_date, effective_return_date, status) VALUES ('e41862f5-5525-433a-ba40-01c261264863', 'e640effe-2597-46af-bc54-31151c4a5bd5', '836a0e4d-8bc5-4cdc-b2a0-f98dd04080b5', '2024-04-07', '2024-04-26', '2024-04-30', '2024-04-26', '2024-04-29', 'RETURNED_EARLY');
INSERT INTO borrow_records (id, item_id, borrowed_by, reservation_date, start_date, end_date, pickup_date, effective_return_date, status) VALUES ('51dfdd9f-bb89-4a3f-9eb4-bf31b6c992e8', 'e640effe-2597-46af-bc54-31151c4a5bd5', '836a0e4d-8bc5-4cdc-b2a0-f98dd04080b5', '2024-12-11', '2024-12-30', '2025-01-04', '2024-12-29', '2025-01-04', 'RETURNED_ON_TIME');
INSERT INTO borrow_records (id, item_id, borrowed_by, reservation_date, start_date, end_date, pickup_date, effective_return_date, status) VALUES ('2227ef06-c433-4f92-ab9b-184ff26cee75', 'e640effe-2597-46af-bc54-31151c4a5bd5', '5d109106-b83a-4539-9989-a0460e9afa6a', '2025-01-10', '2025-07-17', '2025-07-24', '2025-07-16', NULL, 'RESERVED_CONFIRMED');
INSERT INTO items (id, name, description, short_description, image_url, located, created_at, borrow_count, favorite, owner, library_id, category_id, community_id) VALUES ('1013ab70-2b3b-43d6-a62f-22b1ee01af4c', 'Bespoke Plastic Table', 'Découvrez l''essence salée de notre savon, conçu pour accompagner vos aventures culinaires conscientes.  Résumé : Savon aux notes salées pour aventures culinaires conscientes.', 'Savon aux notes salées pour aventures culinaires conscientes.', '/items/15.jpg', 'ShareSpace', '2024-12-29T20:51:37.189Z', 19, False, 'TheOpenShelf', '2503ad7a-069c-4e2a-ae79-a876e1257557', '0c587804-519d-4de1-a7c7-61b700ecdcf3', 'fcbae48b-1bdc-4458-84d6-54a7e996db8e');
INSERT INTO borrow_records (id, item_id, borrowed_by, reservation_date, start_date, end_date, pickup_date, effective_return_date, status) VALUES ('f761c428-506f-4c54-bae7-69367b20e693', '1013ab70-2b3b-43d6-a62f-22b1ee01af4c', '836a0e4d-8bc5-4cdc-b2a0-f98dd04080b5', '2024-01-20', '2024-01-26', '2024-01-27', '2024-01-26', '2024-01-27', 'RETURNED_ON_TIME');
INSERT INTO borrow_records (id, item_id, borrowed_by, reservation_date, start_date, end_date, pickup_date, effective_return_date, status) VALUES ('4f24d5e3-f376-4e7a-8c17-e0946d9c54fe', '1013ab70-2b3b-43d6-a62f-22b1ee01af4c', '60249cc9-5823-4a7c-88d7-4c67748dbb53', '2025-01-14', '2025-12-29', '2026-01-04', '2025-12-29', NULL, 'RESERVED_CONFIRMED');
INSERT INTO borrow_records (id, item_id, borrowed_by, reservation_date, start_date, end_date, pickup_date, effective_return_date, status) VALUES ('78bbf8e3-f71b-4592-beb7-056fc4a9c44c', '1013ab70-2b3b-43d6-a62f-22b1ee01af4c', '836a0e4d-8bc5-4cdc-b2a0-f98dd04080b5', '2024-04-28', '2024-05-24', '2024-05-31', '2024-05-24', '2024-05-31', 'RETURNED_ON_TIME');
INSERT INTO borrow_records (id, item_id, borrowed_by, reservation_date, start_date, end_date, pickup_date, effective_return_date, status) VALUES ('ef18feb5-7923-4855-a9fd-330b527ddb11', '1013ab70-2b3b-43d6-a62f-22b1ee01af4c', 'd195fc96-b352-426e-b9db-e5296acec408', '2024-07-23', '2024-08-02', '2024-08-03', '2024-08-01', '2024-08-03', 'RETURNED_ON_TIME');
INSERT INTO items (id, name, description, short_description, image_url, located, created_at, borrow_count, favorite, owner, library_id, category_id, community_id) VALUES ('140c812d-06f7-4dcd-9305-7e24a571dfe2', 'Rustic Steel Car', 'Pizza ergonomique en plastique pour un soutien assourdissant toute la journée.  Résumé : Pizza en plastique ergonomique pour un soutien durable.', 'Pizza en plastique ergonomique pour un soutien durable.', '/items/16.jpg', 'ShareSpace', '2024-12-29T20:51:37.544Z', 7, True, 'TheOpenShelf', '2503ad7a-069c-4e2a-ae79-a876e1257557', '4c86bdd6-7940-4e4a-84ef-4801e786be7e', 'fcbae48b-1bdc-4458-84d6-54a7e996db8e');
INSERT INTO borrow_records (id, item_id, borrowed_by, reservation_date, start_date, end_date, pickup_date, effective_return_date, status) VALUES ('076824b1-29b6-459f-ae66-6f6860110b59', '140c812d-06f7-4dcd-9305-7e24a571dfe2', '432a6a46-b2a8-42d3-9e8a-b3bc0573db19', '2025-01-09', '2025-03-31', '2025-04-05', '2025-03-31', NULL, 'RESERVED_CONFIRMED');
INSERT INTO borrow_records (id, item_id, borrowed_by, reservation_date, start_date, end_date, pickup_date, effective_return_date, status) VALUES ('1ab6f6f8-4d8c-4b77-8b6a-051be35b4c8c', '140c812d-06f7-4dcd-9305-7e24a571dfe2', 'fdb9e254-489a-405b-8882-0f35afd0a4a7', '2025-01-15', '2025-09-20', '2025-09-22', '2025-09-19', NULL, 'RESERVED_CONFIRMED');
INSERT INTO borrow_records (id, item_id, borrowed_by, reservation_date, start_date, end_date, pickup_date, effective_return_date, status) VALUES ('89930a82-fe63-4e21-b238-65e6fc5da931', '140c812d-06f7-4dcd-9305-7e24a571dfe2', 'd1cfa2bd-38da-4159-b956-d2d125716257', '2024-12-18', '2024-12-21', '2024-12-22', '2024-12-21', '2024-12-21', 'RETURNED_EARLY');
INSERT INTO borrow_records (id, item_id, borrowed_by, reservation_date, start_date, end_date, pickup_date, effective_return_date, status) VALUES ('4a665ee1-adf9-43b1-8fee-d9b6d4ffdba5', '140c812d-06f7-4dcd-9305-7e24a571dfe2', '60249cc9-5823-4a7c-88d7-4c67748dbb53', '2024-06-10', '2024-06-22', '2024-06-27', '2024-06-21', '2024-06-28', 'RETURNED_LATE');
INSERT INTO borrow_records (id, item_id, borrowed_by, reservation_date, start_date, end_date, pickup_date, effective_return_date, status) VALUES ('c8468d16-b0e8-43f3-b9db-d33c4c863de4', '140c812d-06f7-4dcd-9305-7e24a571dfe2', '836a0e4d-8bc5-4cdc-b2a0-f98dd04080b5', '2025-01-21', '2025-07-31', '2025-08-03', '2025-07-31', NULL, 'RESERVED_CONFIRMED');
INSERT INTO borrow_records (id, item_id, borrowed_by, reservation_date, start_date, end_date, pickup_date, effective_return_date, status) VALUES ('8e45605a-dc6f-4afc-b2b9-f99dbfba8008', '140c812d-06f7-4dcd-9305-7e24a571dfe2', '836a0e4d-8bc5-4cdc-b2a0-f98dd04080b5', '2025-01-12', '2025-08-13', '2025-08-15', '2025-08-13', NULL, 'RESERVED_CONFIRMED');
INSERT INTO borrow_records (id, item_id, borrowed_by, reservation_date, start_date, end_date, pickup_date, effective_return_date, status) VALUES ('59cf2910-d3c0-4032-a6ed-cc23a8ab60d6', '140c812d-06f7-4dcd-9305-7e24a571dfe2', '836a0e4d-8bc5-4cdc-b2a0-f98dd04080b5', '2024-03-16', '2024-04-04', '2024-04-11', '2024-04-05', '2024-04-10', 'RETURNED_EARLY');
INSERT INTO borrow_records (id, item_id, borrowed_by, reservation_date, start_date, end_date, pickup_date, effective_return_date, status) VALUES ('883cccfb-fb19-487e-bbb7-1a9ac2b53b0b', '140c812d-06f7-4dcd-9305-7e24a571dfe2', '836a0e4d-8bc5-4cdc-b2a0-f98dd04080b5', '2025-01-12', '2025-07-08', '2025-07-10', '2025-07-08', NULL, 'RESERVED_CONFIRMED');
INSERT INTO borrow_records (id, item_id, borrowed_by, reservation_date, start_date, end_date, pickup_date, effective_return_date, status) VALUES ('d0a1db9c-2b3b-4ae1-a137-5b8d7014da12', '140c812d-06f7-4dcd-9305-7e24a571dfe2', '836a0e4d-8bc5-4cdc-b2a0-f98dd04080b5', '2025-01-08', '2025-10-19', '2025-10-24', '2025-10-19', NULL, 'RESERVED_CONFIRMED');
INSERT INTO items (id, name, description, short_description, image_url, located, created_at, borrow_count, favorite, owner, library_id, category_id, community_id) VALUES ('f36694a7-3abb-4642-95cb-2cda5937fe73', 'Generic Plastic Table', 'La technologie de pointe des chemises de Lehner, Witting et Dicki améliore les capacités de l''usure.  Résumé : La technologie avancée des chemises Lehner, Witting et Dicki améliore l''usure.', 'La technologie avancée des chemises Lehner, Witting et Dicki améliore l''usure.', '/items/17.jpg', 'ShareSpace', '2024-12-29T20:51:37.203Z', 18, False, 'TheOpenShelf', '2503ad7a-069c-4e2a-ae79-a876e1257557', '2f800262-677d-4c5e-888e-b29f965ec2b2', 'fcbae48b-1bdc-4458-84d6-54a7e996db8e');
INSERT INTO borrow_records (id, item_id, borrowed_by, reservation_date, start_date, end_date, pickup_date, effective_return_date, status) VALUES ('7b6e2795-63b0-4a42-b082-208e0160e83b', 'f36694a7-3abb-4642-95cb-2cda5937fe73', 'd1cfa2bd-38da-4159-b956-d2d125716257', '2024-04-13', '2024-05-12', '2024-05-14', '2024-05-13', '2024-05-15', 'RETURNED_LATE');
INSERT INTO borrow_records (id, item_id, borrowed_by, reservation_date, start_date, end_date, pickup_date, effective_return_date, status) VALUES ('a3f2c925-da58-42a4-9af9-f5fd25a5d24e', 'f36694a7-3abb-4642-95cb-2cda5937fe73', '836a0e4d-8bc5-4cdc-b2a0-f98dd04080b5', '2025-01-15', '2025-03-29', '2025-03-31', '2025-03-29', NULL, 'RESERVED_CONFIRMED');
INSERT INTO borrow_records (id, item_id, borrowed_by, reservation_date, start_date, end_date, pickup_date, effective_return_date, status) VALUES ('f33da520-bb53-45ef-b9e8-7a58b3e01c73', 'f36694a7-3abb-4642-95cb-2cda5937fe73', '836a0e4d-8bc5-4cdc-b2a0-f98dd04080b5', '2024-01-15', '2024-01-27', '2024-02-01', '2024-01-27', '2024-02-01', 'RETURNED_ON_TIME');
INSERT INTO borrow_records (id, item_id, borrowed_by, reservation_date, start_date, end_date, pickup_date, effective_return_date, status) VALUES ('2ff57a92-1fe9-4d75-9da0-b9cd5e81b2cb', 'f36694a7-3abb-4642-95cb-2cda5937fe73', '432a6a46-b2a8-42d3-9e8a-b3bc0573db19', '2025-02-01', '2025-02-08', '2025-02-11', '2025-02-06', NULL, 'BORROWED_LATE');
INSERT INTO borrow_records (id, item_id, borrowed_by, reservation_date, start_date, end_date, pickup_date, effective_return_date, status) VALUES ('7c5c37ff-43da-479d-a54c-87d706e5f440', 'f36694a7-3abb-4642-95cb-2cda5937fe73', '5d109106-b83a-4539-9989-a0460e9afa6a', '2025-01-13', '2025-04-25', '2025-04-30', '2025-04-24', NULL, 'RESERVED_CONFIRMED');
INSERT INTO borrow_records (id, item_id, borrowed_by, reservation_date, start_date, end_date, pickup_date, effective_return_date, status) VALUES ('a1a03529-ea9d-4caf-82fa-918c53b45604', 'f36694a7-3abb-4642-95cb-2cda5937fe73', '836a0e4d-8bc5-4cdc-b2a0-f98dd04080b5', '2024-10-31', '2024-11-09', '2024-11-10', '2024-11-09', '2024-11-09', 'RETURNED_EARLY');
INSERT INTO borrow_records (id, item_id, borrowed_by, reservation_date, start_date, end_date, pickup_date, effective_return_date, status) VALUES ('534c24b3-de56-41c7-8afa-a97b5b027d6f', 'f36694a7-3abb-4642-95cb-2cda5937fe73', '836a0e4d-8bc5-4cdc-b2a0-f98dd04080b5', '2023-12-22', '2024-01-14', '2024-01-16', '2024-01-14', '2024-01-15', 'RETURNED_EARLY');
INSERT INTO items (id, name, description, short_description, image_url, located, created_at, borrow_count, favorite, owner, library_id, category_id, community_id) VALUES ('3708b840-85c0-4578-ba54-4e4ac53bcacf', 'Awesome Fresh Pizza', 'Souris élégante conçue pour vous démarquer avec un design fantastique.  Résumé : Souris élégante pour se démarquer.', 'Souris élégante pour se démarquer.', '/items/18.jpg', 'ShareSpace', '2024-12-29T20:51:37.186Z', 5, True, 'TheOpenShelf', '2503ad7a-069c-4e2a-ae79-a876e1257557', '1431fbca-9a06-44b8-816a-d5d6c7e79b78', 'fcbae48b-1bdc-4458-84d6-54a7e996db8e');
INSERT INTO borrow_records (id, item_id, borrowed_by, reservation_date, start_date, end_date, pickup_date, effective_return_date, status) VALUES ('3f007594-3b25-4319-9550-f69841f579ef', '3708b840-85c0-4578-ba54-4e4ac53bcacf', '60249cc9-5823-4a7c-88d7-4c67748dbb53', '2024-06-13', '2024-07-05', '2024-07-12', '2024-07-05', '2024-07-13', 'RETURNED_LATE');
INSERT INTO borrow_records (id, item_id, borrowed_by, reservation_date, start_date, end_date, pickup_date, effective_return_date, status) VALUES ('3359a8cd-be6b-4d2d-8f31-d94f2186be2b', '3708b840-85c0-4578-ba54-4e4ac53bcacf', '836a0e4d-8bc5-4cdc-b2a0-f98dd04080b5', '2024-06-10', '2024-06-29', '2024-07-02', '2024-06-29', '2024-07-02', 'RETURNED_ON_TIME');
INSERT INTO items (id, name, description, short_description, image_url, located, created_at, borrow_count, favorite, owner, library_id, category_id, community_id) VALUES ('c88bb48e-34fa-415a-b505-77a31c96ea8f', 'Small Cotton Computer', 'Les gants Verna sont le dernier produit audacieux de la série Hauck - Kessler.  Résumé : Les gants Verna sont une nouveauté audacieuse de Hauck - Kessler.', 'Les gants Verna sont une nouveauté audacieuse de Hauck - Kessler.', '/items/19.jpg', 'ShareSpace', '2024-12-29T20:51:37.187Z', 6, True, 'TheOpenShelf', '2503ad7a-069c-4e2a-ae79-a876e1257557', 'ec0deb0a-5e9a-4f77-b3b5-a0d53218e041', 'fcbae48b-1bdc-4458-84d6-54a7e996db8e');
INSERT INTO borrow_records (id, item_id, borrowed_by, reservation_date, start_date, end_date, pickup_date, effective_return_date, status) VALUES ('41388929-71cb-43e6-8644-1b19bac758e9', 'c88bb48e-34fa-415a-b505-77a31c96ea8f', 'd34ce04c-9a79-4d4d-a533-88d4266c3c3b', '2023-12-12', '2024-01-02', '2024-01-03', '2023-12-31', '2024-01-02', 'RETURNED_EARLY');
INSERT INTO items (id, name, description, short_description, image_url, located, created_at, borrow_count, favorite, owner, library_id, category_id, community_id) VALUES ('2d2dad6b-d953-4ddd-b50e-ee7ac4a04288', 'Fantastic Metal Hat', 'Découvrez l''agilité du loup de mer de notre chemise, parfaite pour tous les utilisateurs.  Résumé : Chemise agile inspirée du loup de mer pour tous.', 'Chemise agile inspirée du loup de mer pour tous.', '/items/20.jpg', 'ShareSpace', '2024-12-29T20:51:37.302Z', 8, False, 'TheOpenShelf', '2503ad7a-069c-4e2a-ae79-a876e1257557', 'a61cda29-22b6-4cce-a624-bde6cb3cc767', 'fcbae48b-1bdc-4458-84d6-54a7e996db8e');
INSERT INTO items (id, name, description, short_description, image_url, located, created_at, borrow_count, favorite, owner, library_id, category_id, community_id) VALUES ('ca4468ea-52b0-4018-8c19-7bc06d8825da', 'Modern Bronze Pizza', 'Nos pantalons adaptés aux grenouilles garantissent le confort optimal pour vos animaux de compagnie. Résumé : Pantalons confortables pour animaux de compagnie.', 'Pantalons confortables pour animaux de compagnie.', '/items/21.jpg', 'ShareSpace', '2024-12-29T20:51:37.305Z', 13, False, 'TheOpenShelf', '2503ad7a-069c-4e2a-ae79-a876e1257557', 'a61cda29-22b6-4cce-a624-bde6cb3cc767', 'fcbae48b-1bdc-4458-84d6-54a7e996db8e');
INSERT INTO borrow_records (id, item_id, borrowed_by, reservation_date, start_date, end_date, pickup_date, effective_return_date, status) VALUES ('137eae67-bbc4-4f92-b450-7e3cc0461567', 'ca4468ea-52b0-4018-8c19-7bc06d8825da', '432a6a46-b2a8-42d3-9e8a-b3bc0573db19', '2025-01-09', '2025-07-17', '2025-07-18', '2025-07-17', NULL, 'RESERVED_CONFIRMED');
INSERT INTO borrow_records (id, item_id, borrowed_by, reservation_date, start_date, end_date, pickup_date, effective_return_date, status) VALUES ('f1f6023e-182e-4190-9996-d73fc2762594', 'ca4468ea-52b0-4018-8c19-7bc06d8825da', '836a0e4d-8bc5-4cdc-b2a0-f98dd04080b5', '2025-01-20', '2025-12-29', '2026-01-02', '2025-12-29', NULL, 'RESERVED_CONFIRMED');
INSERT INTO items (id, name, description, short_description, image_url, located, created_at, borrow_count, favorite, owner, library_id, category_id, community_id) VALUES ('6009f782-ffa4-45fd-9513-751c1ae356b0', 'Fantastic Granite Chips', 'Nouveau savon indigo avec un design ergonomique pour un confort optimal.  Résumé : Savon indigo ergonomique pour un confort optimal.', 'Savon indigo ergonomique pour un confort optimal.', '/items/22.jpg', 'ShareSpace', '2024-12-29T20:51:37.260Z', 3, False, 'TheOpenShelf', '2503ad7a-069c-4e2a-ae79-a876e1257557', 'f64f267c-1964-4526-8e45-e5dc0193df41', 'fcbae48b-1bdc-4458-84d6-54a7e996db8e');
INSERT INTO borrow_records (id, item_id, borrowed_by, reservation_date, start_date, end_date, pickup_date, effective_return_date, status) VALUES ('7f1f98c3-e6de-4ba7-b84a-08fdbdc21f8a', '6009f782-ffa4-45fd-9513-751c1ae356b0', '836a0e4d-8bc5-4cdc-b2a0-f98dd04080b5', '2025-01-12', '2025-11-14', '2025-11-20', '2025-11-14', NULL, 'RESERVED_CONFIRMED');
INSERT INTO borrow_records (id, item_id, borrowed_by, reservation_date, start_date, end_date, pickup_date, effective_return_date, status) VALUES ('8da83532-460a-4bbf-98f2-3fe48d510082', '6009f782-ffa4-45fd-9513-751c1ae356b0', 'd195fc96-b352-426e-b9db-e5296acec408', '2025-01-21', '2025-05-25', '2025-05-30', '2025-05-25', NULL, 'RESERVED_CONFIRMED');
INSERT INTO borrow_records (id, item_id, borrowed_by, reservation_date, start_date, end_date, pickup_date, effective_return_date, status) VALUES ('b72fc1c2-88b5-485b-b32a-e109351debd7', '6009f782-ffa4-45fd-9513-751c1ae356b0', '836a0e4d-8bc5-4cdc-b2a0-f98dd04080b5', '2025-01-18', '2025-02-17', '2025-02-24', '2025-02-15', NULL, 'RESERVED_CONFIRMED');
INSERT INTO borrow_records (id, item_id, borrowed_by, reservation_date, start_date, end_date, pickup_date, effective_return_date, status) VALUES ('e1a6cebf-be61-4e25-9be5-52ae25c14040', '6009f782-ffa4-45fd-9513-751c1ae356b0', '836a0e4d-8bc5-4cdc-b2a0-f98dd04080b5', '2025-01-22', '2025-12-21', '2025-12-28', '2025-12-21', NULL, 'RESERVED_CONFIRMED');
INSERT INTO borrow_records (id, item_id, borrowed_by, reservation_date, start_date, end_date, pickup_date, effective_return_date, status) VALUES ('a0d0f102-b898-4341-8599-5749f98827f2', '6009f782-ffa4-45fd-9513-751c1ae356b0', '5d109106-b83a-4539-9989-a0460e9afa6a', '2025-01-10', '2025-06-28', '2025-07-05', '2025-06-28', NULL, 'RESERVED_CONFIRMED');
INSERT INTO borrow_records (id, item_id, borrowed_by, reservation_date, start_date, end_date, pickup_date, effective_return_date, status) VALUES ('6ae9777e-1234-4ec5-b2a7-b875fca34a3c', '6009f782-ffa4-45fd-9513-751c1ae356b0', '836a0e4d-8bc5-4cdc-b2a0-f98dd04080b5', '2024-07-28', '2024-07-31', '2024-08-05', '2024-07-31', '2024-08-06', 'RETURNED_LATE');
INSERT INTO borrow_records (id, item_id, borrowed_by, reservation_date, start_date, end_date, pickup_date, effective_return_date, status) VALUES ('0f2e498e-19ba-4ddd-9e81-378b4b1cbfa6', '6009f782-ffa4-45fd-9513-751c1ae356b0', '836a0e4d-8bc5-4cdc-b2a0-f98dd04080b5', '2024-10-16', '2024-11-14', '2024-11-18', '2024-11-15', '2024-11-17', 'RETURNED_EARLY');
INSERT INTO items (id, name, description, short_description, image_url, located, created_at, borrow_count, favorite, owner, library_id, category_id, community_id) VALUES ('ab00d5a5-0b4a-4ba5-8b74-540bfdd911fa', 'Unbranded Cotton Gloves', 'Découvrez l''essence juteuse de notre chapeau, conçu pour de véritables aventures culinaires.  Résumé : Chapeau pour aventures culinaires.', 'Chapeau pour aventures culinaires.', '/items/23.jpg', 'ShareSpace', '2024-12-29T20:51:37.173Z', 11, False, 'TheOpenShelf', '2503ad7a-069c-4e2a-ae79-a876e1257557', '9e8f210f-d153-400f-b94e-6c66f9eba700', 'fcbae48b-1bdc-4458-84d6-54a7e996db8e');
INSERT INTO borrow_records (id, item_id, borrowed_by, reservation_date, start_date, end_date, pickup_date, effective_return_date, status) VALUES ('deb749db-af6c-41ba-8e5e-9b045928b983', 'ab00d5a5-0b4a-4ba5-8b74-540bfdd911fa', 'fdb9e254-489a-405b-8882-0f35afd0a4a7', '2024-08-17', '2024-09-16', '2024-09-21', '2024-09-16', '2024-09-20', 'RETURNED_EARLY');
INSERT INTO borrow_records (id, item_id, borrowed_by, reservation_date, start_date, end_date, pickup_date, effective_return_date, status) VALUES ('d9a23ec5-1b2c-448c-96ba-b8f01d80a6cd', 'ab00d5a5-0b4a-4ba5-8b74-540bfdd911fa', 'd34ce04c-9a79-4d4d-a533-88d4266c3c3b', '2024-11-08', '2024-11-11', '2024-11-14', '2024-11-11', '2024-11-14', 'RETURNED_ON_TIME');
INSERT INTO borrow_records (id, item_id, borrowed_by, reservation_date, start_date, end_date, pickup_date, effective_return_date, status) VALUES ('a8b33bab-136d-46d9-bf3f-771e50a1de25', 'ab00d5a5-0b4a-4ba5-8b74-540bfdd911fa', '836a0e4d-8bc5-4cdc-b2a0-f98dd04080b5', '2025-02-14', '2025-02-22', '2025-02-24', '2025-02-22', NULL, 'RESERVED_UNCONFIRMED');
INSERT INTO borrow_records (id, item_id, borrowed_by, reservation_date, start_date, end_date, pickup_date, effective_return_date, status) VALUES ('7cb833c6-2f14-4445-98e3-8b5b84391a9a', 'ab00d5a5-0b4a-4ba5-8b74-540bfdd911fa', 'da1a2634-143a-4028-b821-6459f9cdd6a2', '2025-01-22', '2025-04-21', '2025-04-24', '2025-04-21', NULL, 'RESERVED_CONFIRMED');
INSERT INTO borrow_records (id, item_id, borrowed_by, reservation_date, start_date, end_date, pickup_date, effective_return_date, status) VALUES ('a6045c4d-66e3-44c2-ad7f-3805de9b1184', 'ab00d5a5-0b4a-4ba5-8b74-540bfdd911fa', '836a0e4d-8bc5-4cdc-b2a0-f98dd04080b5', '2024-07-07', '2024-07-13', '2024-07-14', '2024-07-13', '2024-07-14', 'RETURNED_ON_TIME');
INSERT INTO borrow_records (id, item_id, borrowed_by, reservation_date, start_date, end_date, pickup_date, effective_return_date, status) VALUES ('752b21b5-2ad3-4e53-bc8c-de21ba3e9fd1', 'ab00d5a5-0b4a-4ba5-8b74-540bfdd911fa', '836a0e4d-8bc5-4cdc-b2a0-f98dd04080b5', '2024-05-17', '2024-05-28', '2024-06-04', '2024-05-28', '2024-06-05', 'RETURNED_LATE');
INSERT INTO borrow_records (id, item_id, borrowed_by, reservation_date, start_date, end_date, pickup_date, effective_return_date, status) VALUES ('2b7547f0-e753-4ace-9ada-91f8c2756afe', 'ab00d5a5-0b4a-4ba5-8b74-540bfdd911fa', '836a0e4d-8bc5-4cdc-b2a0-f98dd04080b5', '2024-01-15', '2024-01-17', '2024-01-24', '2024-01-17', '2024-01-24', 'RETURNED_ON_TIME');
INSERT INTO borrow_records (id, item_id, borrowed_by, reservation_date, start_date, end_date, pickup_date, effective_return_date, status) VALUES ('2b86dd6f-f38a-4353-93af-e35ef5b1fd02', 'ab00d5a5-0b4a-4ba5-8b74-540bfdd911fa', '836a0e4d-8bc5-4cdc-b2a0-f98dd04080b5', '2024-12-03', '2024-12-06', '2024-12-13', '2024-12-04', '2024-12-12', 'RETURNED_EARLY');
INSERT INTO borrow_records (id, item_id, borrowed_by, reservation_date, start_date, end_date, pickup_date, effective_return_date, status) VALUES ('c9f6c63f-7a5e-43aa-a730-ebf746d47d39', 'ab00d5a5-0b4a-4ba5-8b74-540bfdd911fa', 'd195fc96-b352-426e-b9db-e5296acec408', '2024-08-26', '2024-09-20', '2024-09-24', '2024-09-20', '2024-09-25', 'RETURNED_LATE');
INSERT INTO items (id, name, description, short_description, image_url, located, created_at, borrow_count, favorite, owner, library_id, category_id, community_id) VALUES ('6d86f4f6-9f4d-4694-8104-1bd0052b8563', 'Handcrafted Metal Gloves', 'La technologie de pointe de Bacon d''Hirthe, Hilpert et Kreiger améliore les capacités émotionnelles.  Résumé : La technologie de pointe de Bacon améliore les capacités émotionnelles.', 'La technologie de pointe de Bacon améliore les capacités émotionnelles.', '/items/24.jpg', 'ShareSpace', '2024-12-29T20:51:37.308Z', 16, True, 'TheOpenShelf', '2503ad7a-069c-4e2a-ae79-a876e1257557', 'a61cda29-22b6-4cce-a624-bde6cb3cc767', 'fcbae48b-1bdc-4458-84d6-54a7e996db8e');
INSERT INTO borrow_records (id, item_id, borrowed_by, reservation_date, start_date, end_date, pickup_date, effective_return_date, status) VALUES ('628d0c4a-1797-435a-a80c-a4b3ed2c681b', '6d86f4f6-9f4d-4694-8104-1bd0052b8563', '836a0e4d-8bc5-4cdc-b2a0-f98dd04080b5', '2024-10-08', '2024-11-03', '2024-11-04', '2024-11-03', '2024-11-05', 'RETURNED_LATE');
INSERT INTO items (id, name, description, short_description, image_url, located, created_at, borrow_count, favorite, owner, library_id, category_id, community_id) VALUES ('bef2540c-3d64-44ac-8a20-dc776b5af23f', 'Practical Concrete Towels', 'Notre vélo inspiré par la fraîcheur apporte une touche de luxe à votre style de vie qualifié. Résumé : Vélo de luxe pour un style de vie qualifié.', 'Vélo de luxe pour un style de vie qualifié.', '/items/25.jpg', 'ShareSpace', '2024-12-29T20:51:37.189Z', 0, True, 'TheOpenShelf', '2503ad7a-069c-4e2a-ae79-a876e1257557', 'ec0deb0a-5e9a-4f77-b3b5-a0d53218e041', 'fcbae48b-1bdc-4458-84d6-54a7e996db8e');
INSERT INTO borrow_records (id, item_id, borrowed_by, reservation_date, start_date, end_date, pickup_date, effective_return_date, status) VALUES ('956bab1a-62d8-4d32-b9a8-56bc798226ad', 'bef2540c-3d64-44ac-8a20-dc776b5af23f', 'd1cfa2bd-38da-4159-b956-d2d125716257', '2024-01-06', '2024-01-24', '2024-01-31', '2024-01-25', '2024-01-31', 'RETURNED_ON_TIME');
INSERT INTO borrow_records (id, item_id, borrowed_by, reservation_date, start_date, end_date, pickup_date, effective_return_date, status) VALUES ('4e18c135-5ef0-4718-bd86-f9596d58a488', 'bef2540c-3d64-44ac-8a20-dc776b5af23f', 'd1cfa2bd-38da-4159-b956-d2d125716257', '2025-01-14', '2025-06-10', '2025-06-16', '2025-06-09', NULL, 'RESERVED_CONFIRMED');
INSERT INTO borrow_records (id, item_id, borrowed_by, reservation_date, start_date, end_date, pickup_date, effective_return_date, status) VALUES ('a37cf9a5-3205-450f-8e5c-14c28532a01b', 'bef2540c-3d64-44ac-8a20-dc776b5af23f', '836a0e4d-8bc5-4cdc-b2a0-f98dd04080b5', '2024-08-23', '2024-09-17', '2024-09-19', '2024-09-17', '2024-09-19', 'RETURNED_ON_TIME');
INSERT INTO borrow_records (id, item_id, borrowed_by, reservation_date, start_date, end_date, pickup_date, effective_return_date, status) VALUES ('6830e80a-5a6c-4c61-82e3-a321f7d3762b', 'bef2540c-3d64-44ac-8a20-dc776b5af23f', '836a0e4d-8bc5-4cdc-b2a0-f98dd04080b5', '2025-01-20', '2025-08-18', '2025-08-22', '2025-08-18', NULL, 'RESERVED_CONFIRMED');
INSERT INTO borrow_records (id, item_id, borrowed_by, reservation_date, start_date, end_date, pickup_date, effective_return_date, status) VALUES ('72292e68-dffb-42ef-94fb-b0fc8d8e3b38', 'bef2540c-3d64-44ac-8a20-dc776b5af23f', 'd1cfa2bd-38da-4159-b956-d2d125716257', '2025-01-14', '2025-03-25', '2025-03-30', '2025-03-23', NULL, 'RESERVED_CONFIRMED');
INSERT INTO borrow_records (id, item_id, borrowed_by, reservation_date, start_date, end_date, pickup_date, effective_return_date, status) VALUES ('94d71e4d-1d80-4d44-a8bb-08f6956f8b85', 'bef2540c-3d64-44ac-8a20-dc776b5af23f', '6d73f03d-50fc-4b69-8ceb-d7f9791a13ba', '2025-01-18', '2025-11-09', '2025-11-11', '2025-11-09', NULL, 'RESERVED_CONFIRMED');
INSERT INTO borrow_records (id, item_id, borrowed_by, reservation_date, start_date, end_date, pickup_date, effective_return_date, status) VALUES ('3246db91-c1bb-4c70-92a0-564251254dde', 'bef2540c-3d64-44ac-8a20-dc776b5af23f', '836a0e4d-8bc5-4cdc-b2a0-f98dd04080b5', '2025-01-15', '2025-01-28', '2025-02-01', '2025-01-28', NULL, 'BORROWED_LATE');
INSERT INTO borrow_records (id, item_id, borrowed_by, reservation_date, start_date, end_date, pickup_date, effective_return_date, status) VALUES ('723b0e6a-08ae-41a1-bfca-9c00bb0d3903', 'bef2540c-3d64-44ac-8a20-dc776b5af23f', '836a0e4d-8bc5-4cdc-b2a0-f98dd04080b5', '2024-03-30', '2024-04-18', '2024-04-20', '2024-04-18', '2024-04-21', 'RETURNED_LATE');
INSERT INTO borrow_records (id, item_id, borrowed_by, reservation_date, start_date, end_date, pickup_date, effective_return_date, status) VALUES ('8e0cbb88-ba36-43a6-b445-a47dbc9b965b', 'bef2540c-3d64-44ac-8a20-dc776b5af23f', 'd1cfa2bd-38da-4159-b956-d2d125716257', '2025-01-23', '2025-02-27', '2025-03-02', '2025-02-25', NULL, 'RESERVED_CONFIRMED');
INSERT INTO items (id, name, description, short_description, image_url, located, created_at, borrow_count, favorite, owner, library_id, category_id, community_id) VALUES ('5be80b4f-c889-40fe-9e7d-76c6bbc4d98d', 'Bikini', 'Nouveau modèle Bacon avec 88 Go de RAM, 775 Go de stockage et fonctionnalités animées.  Résumé : Nouveau modèle Bacon avec 88 Go de RAM et 775 Go de stockage, incluant des fonctionnalités animées.', 'Nouveau modèle Bacon avec 88 Go de RAM et 775 Go de stockage, incluant des fonctionnalités animées.', '/items/26.jpg', 'ShareSpace', '2024-12-29T20:51:37.186Z', 1, False, 'TheOpenShelf', '2503ad7a-069c-4e2a-ae79-a876e1257557', 'b66c1059-9581-4b7b-847d-169226b9944c', 'fcbae48b-1bdc-4458-84d6-54a7e996db8e');
INSERT INTO borrow_records (id, item_id, borrowed_by, reservation_date, start_date, end_date, pickup_date, effective_return_date, status) VALUES ('1c8cd312-2008-4794-a5fc-a87cfb064bc0', '5be80b4f-c889-40fe-9e7d-76c6bbc4d98d', '432a6a46-b2a8-42d3-9e8a-b3bc0573db19', '2024-04-17', '2024-04-23', '2024-04-28', '2024-04-22', '2024-04-29', 'RETURNED_LATE');
INSERT INTO borrow_records (id, item_id, borrowed_by, reservation_date, start_date, end_date, pickup_date, effective_return_date, status) VALUES ('72d0278a-193c-4e02-94c7-f27d06f95661', '5be80b4f-c889-40fe-9e7d-76c6bbc4d98d', '836a0e4d-8bc5-4cdc-b2a0-f98dd04080b5', '2025-01-14', '2025-11-23', '2025-11-25', '2025-11-23', NULL, 'RESERVED_CONFIRMED');
INSERT INTO borrow_records (id, item_id, borrowed_by, reservation_date, start_date, end_date, pickup_date, effective_return_date, status) VALUES ('340399c2-d053-430d-95c0-7f086d19da93', '5be80b4f-c889-40fe-9e7d-76c6bbc4d98d', '836a0e4d-8bc5-4cdc-b2a0-f98dd04080b5', '2024-11-14', '2024-12-10', '2024-12-14', '2024-12-10', '2024-12-14', 'RETURNED_ON_TIME');
INSERT INTO borrow_records (id, item_id, borrowed_by, reservation_date, start_date, end_date, pickup_date, effective_return_date, status) VALUES ('e54e97d6-e284-4dbd-9b30-24ff61927bad', '5be80b4f-c889-40fe-9e7d-76c6bbc4d98d', 'fdb9e254-489a-405b-8882-0f35afd0a4a7', '2025-01-11', '2025-06-19', '2025-06-26', '2025-06-19', NULL, 'RESERVED_CONFIRMED');
INSERT INTO items (id, name, description, short_description, image_url, located, created_at, borrow_count, favorite, owner, library_id, category_id, community_id) VALUES ('b80aa494-27e4-48fa-b865-a451011acf74', 'Handmade Steel Chicken', 'Notre souris adaptée aux girafes assure le confort physique de vos animaux.  Résumé : Souris adaptée aux girafes pour le confort des animaux.', 'Souris adaptée aux girafes pour le confort des animaux.', '/items/27.jpg', 'ShareSpace', '2024-12-29T20:51:37.214Z', 7, False, 'TheOpenShelf', '2503ad7a-069c-4e2a-ae79-a876e1257557', '251280e9-e48a-4ea2-af36-193f6ddf7914', 'fcbae48b-1bdc-4458-84d6-54a7e996db8e');
INSERT INTO borrow_records (id, item_id, borrowed_by, reservation_date, start_date, end_date, pickup_date, effective_return_date, status) VALUES ('6809111f-68f6-42c0-ada2-469096b9c0c1', 'b80aa494-27e4-48fa-b865-a451011acf74', '836a0e4d-8bc5-4cdc-b2a0-f98dd04080b5', '2025-01-15', '2025-11-15', '2025-11-19', '2025-11-15', NULL, 'RESERVED_CONFIRMED');
INSERT INTO borrow_records (id, item_id, borrowed_by, reservation_date, start_date, end_date, pickup_date, effective_return_date, status) VALUES ('7387142c-c07a-4a35-b810-b8ed828c9295', 'b80aa494-27e4-48fa-b865-a451011acf74', '836a0e4d-8bc5-4cdc-b2a0-f98dd04080b5', '2025-01-17', '2025-08-21', '2025-08-26', '2025-08-21', NULL, 'RESERVED_CONFIRMED');
INSERT INTO items (id, name, description, short_description, image_url, located, created_at, borrow_count, favorite, owner, library_id, category_id, community_id) VALUES ('5f416870-3803-48db-9ef5-d6464efc1ac2', 'Recycled Plastic Soap', 'Découvrez l''agilité semblable à celle des abeilles de notre souris, parfaite pour les utilisateurs ordinaires.  Résumé : Souris agile pour utilisateurs normaux.', 'Souris agile pour utilisateurs normaux.', '/items/28.jpg', 'ShareSpace', '2024-12-29T20:51:37.447Z', 19, False, 'TheOpenShelf', '2503ad7a-069c-4e2a-ae79-a876e1257557', '4c86bdd6-7940-4e4a-84ef-4801e786be7e', 'fcbae48b-1bdc-4458-84d6-54a7e996db8e');
INSERT INTO borrow_records (id, item_id, borrowed_by, reservation_date, start_date, end_date, pickup_date, effective_return_date, status) VALUES ('f87c9b6e-1e01-4b7a-b877-75d0e015b760', '5f416870-3803-48db-9ef5-d6464efc1ac2', '432a6a46-b2a8-42d3-9e8a-b3bc0573db19', '2024-04-13', '2024-05-02', '2024-05-05', '2024-05-02', '2024-05-04', 'RETURNED_EARLY');
INSERT INTO borrow_records (id, item_id, borrowed_by, reservation_date, start_date, end_date, pickup_date, effective_return_date, status) VALUES ('a2064152-6e51-48de-9725-668a5464b28e', '5f416870-3803-48db-9ef5-d6464efc1ac2', '836a0e4d-8bc5-4cdc-b2a0-f98dd04080b5', '2025-01-21', '2025-04-27', '2025-04-28', '2025-04-26', NULL, 'RESERVED_CONFIRMED');
INSERT INTO borrow_records (id, item_id, borrowed_by, reservation_date, start_date, end_date, pickup_date, effective_return_date, status) VALUES ('05329809-c82f-4f0b-a58b-945fee110f7a', '5f416870-3803-48db-9ef5-d6464efc1ac2', '836a0e4d-8bc5-4cdc-b2a0-f98dd04080b5', '2025-01-21', '2025-12-27', '2026-01-01', '2025-12-27', NULL, 'RESERVED_CONFIRMED');
INSERT INTO items (id, name, description, short_description, image_url, located, created_at, borrow_count, favorite, owner, library_id, category_id, community_id) VALUES ('ce686c2f-eb83-4dea-bfe4-704359915f5b', 'Intelligent Bronze Keyboard', 'La pizza Marguerite est le dernier produit sérieux de la série de Howe - Hermann. Résumé : Pizza Marguerite, nouveau produit de Howe - Hermann.', 'Pizza Marguerite, nouveau produit de Howe - Hermann.', '/items/29.jpg', 'ShareSpace', '2024-12-29T20:51:37.631Z', 6, True, 'TheOpenShelf', '2503ad7a-069c-4e2a-ae79-a876e1257557', '4deb8100-ea63-46d0-a0dc-e262d18508cb', 'fcbae48b-1bdc-4458-84d6-54a7e996db8e');
INSERT INTO borrow_records (id, item_id, borrowed_by, reservation_date, start_date, end_date, pickup_date, effective_return_date, status) VALUES ('a08676af-6ff3-42aa-b026-cc5556a663e2', 'ce686c2f-eb83-4dea-bfe4-704359915f5b', 'd1cfa2bd-38da-4159-b956-d2d125716257', '2025-01-21', '2025-02-17', '2025-02-20', '2025-02-17', NULL, 'RESERVED_CONFIRMED');
INSERT INTO borrow_records (id, item_id, borrowed_by, reservation_date, start_date, end_date, pickup_date, effective_return_date, status) VALUES ('2de72995-421a-42c2-9c20-938c3d173dc6', 'ce686c2f-eb83-4dea-bfe4-704359915f5b', 'd1cfa2bd-38da-4159-b956-d2d125716257', '2025-01-09', '2025-06-12', '2025-06-17', '2025-06-12', NULL, 'RESERVED_CONFIRMED');
INSERT INTO borrow_records (id, item_id, borrowed_by, reservation_date, start_date, end_date, pickup_date, effective_return_date, status) VALUES ('cdaca472-c811-4326-895b-9049b7e64374', 'ce686c2f-eb83-4dea-bfe4-704359915f5b', 'd1cfa2bd-38da-4159-b956-d2d125716257', '2025-01-08', '2025-10-27', '2025-11-01', '2025-10-25', NULL, 'RESERVED_CONFIRMED');
INSERT INTO items (id, name, description, short_description, image_url, located, created_at, borrow_count, favorite, owner, library_id, category_id, community_id) VALUES ('794e5966-ec45-445c-9e7b-cb8236be9378', 'Elegant Wooden Keyboard', 'Savon innovant avec une technologie élégante et une construction en acier.  Résumé : Savon innovant avec technologie élégante en acier.', 'Savon innovant avec technologie élégante en acier.', '/items/30.jpg', 'ShareSpace', '2024-12-29T20:51:37.274Z', 1, True, 'TheOpenShelf', '2503ad7a-069c-4e2a-ae79-a876e1257557', '0c587804-519d-4de1-a7c7-61b700ecdcf3', 'fcbae48b-1bdc-4458-84d6-54a7e996db8e');
INSERT INTO borrow_records (id, item_id, borrowed_by, reservation_date, start_date, end_date, pickup_date, effective_return_date, status) VALUES ('bde409df-5228-413a-b6ea-2ad3f6e9a559', '794e5966-ec45-445c-9e7b-cb8236be9378', 'd1cfa2bd-38da-4159-b956-d2d125716257', '2023-12-25', '2024-01-09', '2024-01-11', '2024-01-09', '2024-01-11', 'RETURNED_ON_TIME');
INSERT INTO borrow_records (id, item_id, borrowed_by, reservation_date, start_date, end_date, pickup_date, effective_return_date, status) VALUES ('c44d32b2-2e32-44bd-a956-ca3515abf632', '794e5966-ec45-445c-9e7b-cb8236be9378', 'd34ce04c-9a79-4d4d-a533-88d4266c3c3b', '2024-12-25', '2025-01-06', '2025-01-13', '2025-01-07', '2025-01-14', 'RETURNED_LATE');
INSERT INTO borrow_records (id, item_id, borrowed_by, reservation_date, start_date, end_date, pickup_date, effective_return_date, status) VALUES ('4036fda3-9a10-4e4f-a627-b38972dab57a', '794e5966-ec45-445c-9e7b-cb8236be9378', 'd1cfa2bd-38da-4159-b956-d2d125716257', '2025-01-21', '2025-05-18', '2025-05-25', '2025-05-18', NULL, 'RESERVED_CONFIRMED');
INSERT INTO borrow_records (id, item_id, borrowed_by, reservation_date, start_date, end_date, pickup_date, effective_return_date, status) VALUES ('f7870a8c-9a54-41e6-bf24-ab37dc74f2a5', '794e5966-ec45-445c-9e7b-cb8236be9378', 'da1a2634-143a-4028-b821-6459f9cdd6a2', '2024-12-08', '2024-12-13', '2024-12-15', '2024-12-13', '2024-12-16', 'RETURNED_LATE');
INSERT INTO borrow_records (id, item_id, borrowed_by, reservation_date, start_date, end_date, pickup_date, effective_return_date, status) VALUES ('29af0494-286f-4055-9f86-3c69cfbae980', '794e5966-ec45-445c-9e7b-cb8236be9378', 'fdb9e254-489a-405b-8882-0f35afd0a4a7', '2024-06-03', '2024-06-22', '2024-06-24', '2024-06-22', '2024-06-25', 'RETURNED_LATE');
INSERT INTO borrow_records (id, item_id, borrowed_by, reservation_date, start_date, end_date, pickup_date, effective_return_date, status) VALUES ('b6e125b2-d8c3-4607-9961-3f6f5a900da5', '794e5966-ec45-445c-9e7b-cb8236be9378', '836a0e4d-8bc5-4cdc-b2a0-f98dd04080b5', '2025-01-23', '2025-02-12', '2025-02-14', '2025-02-10', NULL, 'BORROWED_ACTIVE');
INSERT INTO borrow_records (id, item_id, borrowed_by, reservation_date, start_date, end_date, pickup_date, effective_return_date, status) VALUES ('3c92919e-999c-4b17-82ed-3a384ac92484', '794e5966-ec45-445c-9e7b-cb8236be9378', '836a0e4d-8bc5-4cdc-b2a0-f98dd04080b5', '2024-08-20', '2024-09-11', '2024-09-16', '2024-09-11', '2024-09-16', 'RETURNED_ON_TIME');
INSERT INTO items (id, name, description, short_description, image_url, located, created_at, borrow_count, favorite, owner, library_id, category_id, community_id) VALUES ('53940751-628b-4020-814f-8e71e4044f3e', 'Oriental Plastic Hat', 'Nos gants inspirés de fraîcheur apportent une touche de luxe à votre style de vie aigre.  Résumé : Des gants de luxe pour une vie rafraîchissante.', 'Des gants de luxe pour une vie rafraîchissante.', '/items/31.jpg', 'ShareSpace', '2024-12-29T20:51:37.259Z', 11, False, 'TheOpenShelf', '2503ad7a-069c-4e2a-ae79-a876e1257557', 'f64f267c-1964-4526-8e45-e5dc0193df41', 'fcbae48b-1bdc-4458-84d6-54a7e996db8e');
INSERT INTO borrow_records (id, item_id, borrowed_by, reservation_date, start_date, end_date, pickup_date, effective_return_date, status) VALUES ('ac195f3e-b6d2-488c-9598-953fac5eb9fb', '53940751-628b-4020-814f-8e71e4044f3e', '836a0e4d-8bc5-4cdc-b2a0-f98dd04080b5', '2024-03-17', '2024-03-23', '2024-03-24', '2024-03-23', '2024-03-24', 'RETURNED_ON_TIME');
INSERT INTO borrow_records (id, item_id, borrowed_by, reservation_date, start_date, end_date, pickup_date, effective_return_date, status) VALUES ('636474d0-d6d1-41cd-a6f6-898e05a4fcd3', '53940751-628b-4020-814f-8e71e4044f3e', '836a0e4d-8bc5-4cdc-b2a0-f98dd04080b5', '2025-01-23', '2025-07-18', '2025-07-24', '2025-07-17', NULL, 'RESERVED_CONFIRMED');
INSERT INTO borrow_records (id, item_id, borrowed_by, reservation_date, start_date, end_date, pickup_date, effective_return_date, status) VALUES ('c7e1d3e1-56a8-4f23-9bda-b21653feb04a', '53940751-628b-4020-814f-8e71e4044f3e', '836a0e4d-8bc5-4cdc-b2a0-f98dd04080b5', '2025-01-11', '2025-03-12', '2025-03-13', '2025-03-11', NULL, 'RESERVED_CONFIRMED');
INSERT INTO items (id, name, description, short_description, image_url, located, created_at, borrow_count, favorite, owner, library_id, category_id, community_id) VALUES ('a08640ba-5286-4976-93dd-7859afb6a626', 'Handmade Wooden Keyboard', 'Découvrez la nouvelle chaise sombre avec un mélange excitant d''ingrédients en plastique.  Résumé : Nouvelle chaise sombre avec mélange plastique excitant.', 'Nouvelle chaise sombre avec mélange plastique excitant.', '/items/32.jpg', 'ShareSpace', '2024-12-29T20:51:37.189Z', 12, True, 'TheOpenShelf', '2503ad7a-069c-4e2a-ae79-a876e1257557', '251280e9-e48a-4ea2-af36-193f6ddf7914', 'fcbae48b-1bdc-4458-84d6-54a7e996db8e');
INSERT INTO borrow_records (id, item_id, borrowed_by, reservation_date, start_date, end_date, pickup_date, effective_return_date, status) VALUES ('45685c90-cf54-4ed0-b1b2-e0ea2aa4d6ed', 'a08640ba-5286-4976-93dd-7859afb6a626', '836a0e4d-8bc5-4cdc-b2a0-f98dd04080b5', '2024-11-20', '2024-12-03', '2024-12-10', '2024-12-03', '2024-12-10', 'RETURNED_ON_TIME');
INSERT INTO borrow_records (id, item_id, borrowed_by, reservation_date, start_date, end_date, pickup_date, effective_return_date, status) VALUES ('bdc8a4c3-d2d5-40f5-90d1-e42f1483690e', 'a08640ba-5286-4976-93dd-7859afb6a626', 'd195fc96-b352-426e-b9db-e5296acec408', '2024-11-13', '2024-11-23', '2024-11-29', '2024-11-24', '2024-11-29', 'RETURNED_ON_TIME');
INSERT INTO borrow_records (id, item_id, borrowed_by, reservation_date, start_date, end_date, pickup_date, effective_return_date, status) VALUES ('7e8be918-edb5-492a-998e-822c71632571', 'a08640ba-5286-4976-93dd-7859afb6a626', 'd1cfa2bd-38da-4159-b956-d2d125716257', '2024-06-10', '2024-06-15', '2024-06-16', '2024-06-16', '2024-06-16', 'RETURNED_ON_TIME');
INSERT INTO items (id, name, description, short_description, image_url, located, created_at, borrow_count, favorite, owner, library_id, category_id, community_id) VALUES ('d1864d2c-e7d8-4821-ba5d-ef29f91cfbc7', 'Swimsuit', 'Découvrez l''agilité semblable à celle de la girafe de notre souris, parfaite pour les utilisateurs de menthe.  Résumé : Souris agile pour utilisateurs de menthe.', 'Souris agile pour utilisateurs de menthe.', '/items/33.jpg', 'ShareSpace', '2024-12-29T20:51:37.283Z', 1, False, 'TheOpenShelf', '2503ad7a-069c-4e2a-ae79-a876e1257557', 'b66c1059-9581-4b7b-847d-169226b9944c', 'fcbae48b-1bdc-4458-84d6-54a7e996db8e');
INSERT INTO borrow_records (id, item_id, borrowed_by, reservation_date, start_date, end_date, pickup_date, effective_return_date, status) VALUES ('3f98e784-18db-486b-b8cc-1d567e06676d', 'd1864d2c-e7d8-4821-ba5d-ef29f91cfbc7', '432a6a46-b2a8-42d3-9e8a-b3bc0573db19', '2025-01-11', '2025-03-23', '2025-03-27', '2025-03-21', NULL, 'RESERVED_CONFIRMED');
INSERT INTO items (id, name, description, short_description, image_url, located, created_at, borrow_count, favorite, owner, library_id, category_id, community_id) VALUES ('7c54e6aa-0891-4e57-91d8-1fa3d657832f', 'Incredible Plastic Sausages', 'Nos serviettes inspirées par l''humidité apportent une touche de luxe à votre style de vie indépendant.  Résumé : Des serviettes luxueuses pour un mode de vie indépendant.', 'Des serviettes luxueuses pour un mode de vie indépendant.', '/items/34.jpg', 'ShareSpace', '2024-12-29T20:51:37.222Z', 13, True, 'TheOpenShelf', '2503ad7a-069c-4e2a-ae79-a876e1257557', 'ec0deb0a-5e9a-4f77-b3b5-a0d53218e041', 'fcbae48b-1bdc-4458-84d6-54a7e996db8e');
INSERT INTO borrow_records (id, item_id, borrowed_by, reservation_date, start_date, end_date, pickup_date, effective_return_date, status) VALUES ('4e489e7e-eaa2-420d-9ab7-ddb514136f6c', '7c54e6aa-0891-4e57-91d8-1fa3d657832f', '432a6a46-b2a8-42d3-9e8a-b3bc0573db19', '2024-11-25', '2024-12-22', '2024-12-29', '2024-12-23', '2024-12-29', 'RETURNED_ON_TIME');
INSERT INTO borrow_records (id, item_id, borrowed_by, reservation_date, start_date, end_date, pickup_date, effective_return_date, status) VALUES ('860dea4a-3842-4621-a68b-1bc84bd5b09e', '7c54e6aa-0891-4e57-91d8-1fa3d657832f', 'da1a2634-143a-4028-b821-6459f9cdd6a2', '2024-02-01', '2024-02-12', '2024-02-15', '2024-02-12', '2024-02-14', 'RETURNED_EARLY');
INSERT INTO borrow_records (id, item_id, borrowed_by, reservation_date, start_date, end_date, pickup_date, effective_return_date, status) VALUES ('8b362411-7fb8-4a93-8a76-17734cf6cd80', '7c54e6aa-0891-4e57-91d8-1fa3d657832f', 'da1a2634-143a-4028-b821-6459f9cdd6a2', '2024-12-01', '2024-12-03', '2024-12-05', '2024-12-03', '2024-12-04', 'RETURNED_EARLY');
INSERT INTO borrow_records (id, item_id, borrowed_by, reservation_date, start_date, end_date, pickup_date, effective_return_date, status) VALUES ('9125af5f-654c-4158-89ef-7c479795ffff', '7c54e6aa-0891-4e57-91d8-1fa3d657832f', '836a0e4d-8bc5-4cdc-b2a0-f98dd04080b5', '2025-01-01', '2025-02-01', '2025-12-25', NULL, NULL, 'RESERVED_READY_TO_PICKUP');
INSERT INTO items (id, name, description, short_description, image_url, located, created_at, borrow_count, favorite, owner, library_id, category_id, community_id) VALUES ('4fc5b2ee-71b5-45ec-9eec-145fd6426c70', 'Licensed Concrete Sausages', 'Nouveaux serviettes turquoise avec un design ergonomique pour le confort masculin. Résumé : Serviettes turquoise ergonomiques pour hommes.', 'Serviettes turquoise ergonomiques pour hommes.', '/items/35.jpg', 'ShareSpace', '2024-12-29T20:51:37.308Z', 10, True, 'TheOpenShelf', '2503ad7a-069c-4e2a-ae79-a876e1257557', '0c587804-519d-4de1-a7c7-61b700ecdcf3', 'fcbae48b-1bdc-4458-84d6-54a7e996db8e');
INSERT INTO borrow_records (id, item_id, borrowed_by, reservation_date, start_date, end_date, pickup_date, effective_return_date, status) VALUES ('92fb29d3-3be4-430e-9dd8-3fae80dbdb80', '4fc5b2ee-71b5-45ec-9eec-145fd6426c70', 'da1a2634-143a-4028-b821-6459f9cdd6a2', '2024-03-08', '2024-03-11', '2024-03-18', '2024-03-09', '2024-03-17', 'RETURNED_EARLY');
INSERT INTO borrow_records (id, item_id, borrowed_by, reservation_date, start_date, end_date, pickup_date, effective_return_date, status) VALUES ('88fb6a56-9dfc-4ba6-8661-d1589d6fc18f', '4fc5b2ee-71b5-45ec-9eec-145fd6426c70', '836a0e4d-8bc5-4cdc-b2a0-f98dd04080b5', '2025-01-20', '2025-06-13', '2025-06-15', '2025-06-13', NULL, 'RESERVED_CONFIRMED');
INSERT INTO borrow_records (id, item_id, borrowed_by, reservation_date, start_date, end_date, pickup_date, effective_return_date, status) VALUES ('99a0db3f-5a5c-4c25-9f80-a8d28f9f8772', '4fc5b2ee-71b5-45ec-9eec-145fd6426c70', 'd1cfa2bd-38da-4159-b956-d2d125716257', '2025-01-01', '2025-01-12', '2025-01-15', '2025-01-12', '2025-01-15', 'RETURNED_ON_TIME');
INSERT INTO borrow_records (id, item_id, borrowed_by, reservation_date, start_date, end_date, pickup_date, effective_return_date, status) VALUES ('c70786c0-5529-4c3b-94c2-16eb00dc5062', '4fc5b2ee-71b5-45ec-9eec-145fd6426c70', '836a0e4d-8bc5-4cdc-b2a0-f98dd04080b5', '2024-10-13', '2024-11-08', '2024-11-12', '2024-11-09', '2024-11-12', 'RETURNED_ON_TIME');
INSERT INTO borrow_records (id, item_id, borrowed_by, reservation_date, start_date, end_date, pickup_date, effective_return_date, status) VALUES ('bb118cab-7140-4ed0-8376-89feed14ee96', '4fc5b2ee-71b5-45ec-9eec-145fd6426c70', '836a0e4d-8bc5-4cdc-b2a0-f98dd04080b5', '2025-01-08', '2025-04-30', '2025-05-06', '2025-04-30', NULL, 'RESERVED_CONFIRMED');
INSERT INTO items (id, name, description, short_description, image_url, located, created_at, borrow_count, favorite, owner, library_id, category_id, community_id) VALUES ('1fa3042a-812d-4b7b-a7b1-2beba6420676', 'Tasty Granite Towels', 'Avec sa technologie améliorée au potassium, nos gants offrent des performances de pointe inégalées. Résumé : Gants performants grâce à la technologie potassium.', 'Gants performants grâce à la technologie potassium.', '/items/36.jpg', 'ShareSpace', '2024-12-29T20:51:37.300Z', 14, True, 'TheOpenShelf', '2503ad7a-069c-4e2a-ae79-a876e1257557', 'a61cda29-22b6-4cce-a624-bde6cb3cc767', 'fcbae48b-1bdc-4458-84d6-54a7e996db8e');
INSERT INTO borrow_records (id, item_id, borrowed_by, reservation_date, start_date, end_date, pickup_date, effective_return_date, status) VALUES ('99d17265-987b-4b1f-82d7-7db6a706164d', '1fa3042a-812d-4b7b-a7b1-2beba6420676', '836a0e4d-8bc5-4cdc-b2a0-f98dd04080b5', '2024-11-05', '2024-11-22', '2024-11-27', '2024-11-21', '2024-11-27', 'RETURNED_ON_TIME');
INSERT INTO borrow_records (id, item_id, borrowed_by, reservation_date, start_date, end_date, pickup_date, effective_return_date, status) VALUES ('39aa3a4f-5857-481b-a25d-fc9aa3982eb8', '1fa3042a-812d-4b7b-a7b1-2beba6420676', '885df314-dac1-48fe-a33e-e2b792c3e7c7', '2025-01-17', '2025-12-09', '2025-12-14', '2025-12-09', NULL, 'RESERVED_CONFIRMED');
INSERT INTO borrow_records (id, item_id, borrowed_by, reservation_date, start_date, end_date, pickup_date, effective_return_date, status) VALUES ('b9c50f7d-e82f-43a0-9c4d-d8a0cf928997', '1fa3042a-812d-4b7b-a7b1-2beba6420676', '836a0e4d-8bc5-4cdc-b2a0-f98dd04080b5', '2024-12-11', '2025-01-01', '2025-01-08', '2024-12-31', '2025-01-07', 'RETURNED_EARLY');
INSERT INTO borrow_records (id, item_id, borrowed_by, reservation_date, start_date, end_date, pickup_date, effective_return_date, status) VALUES ('f003a5ff-3ece-4756-86b6-561c515f74c5', '1fa3042a-812d-4b7b-a7b1-2beba6420676', 'da1a2634-143a-4028-b821-6459f9cdd6a2', '2025-01-26', '2025-02-21', '2025-02-22', '2025-02-20', NULL, 'RESERVED_CONFIRMED');
INSERT INTO borrow_records (id, item_id, borrowed_by, reservation_date, start_date, end_date, pickup_date, effective_return_date, status) VALUES ('28f13e8e-77aa-4bbe-a1de-3c937ceffa26', '1fa3042a-812d-4b7b-a7b1-2beba6420676', '836a0e4d-8bc5-4cdc-b2a0-f98dd04080b5', '2025-01-11', '2025-06-26', '2025-06-30', '2025-06-24', NULL, 'RESERVED_CONFIRMED');
INSERT INTO borrow_records (id, item_id, borrowed_by, reservation_date, start_date, end_date, pickup_date, effective_return_date, status) VALUES ('225150f5-5bf0-4ebd-ad9f-f53e125b7aef', '1fa3042a-812d-4b7b-a7b1-2beba6420676', '885df314-dac1-48fe-a33e-e2b792c3e7c7', '2024-08-23', '2024-09-01', '2024-09-04', '2024-08-30', '2024-09-05', 'RETURNED_LATE');
INSERT INTO borrow_records (id, item_id, borrowed_by, reservation_date, start_date, end_date, pickup_date, effective_return_date, status) VALUES ('b7b28d59-5b01-456c-adbb-d975c3fbe3a5', '1fa3042a-812d-4b7b-a7b1-2beba6420676', '836a0e4d-8bc5-4cdc-b2a0-f98dd04080b5', '2024-06-06', '2024-06-29', '2024-07-05', '2024-06-29', '2024-07-04', 'RETURNED_EARLY');
INSERT INTO borrow_records (id, item_id, borrowed_by, reservation_date, start_date, end_date, pickup_date, effective_return_date, status) VALUES ('3c676388-f35b-4f62-8ce6-01b667d3437f', '1fa3042a-812d-4b7b-a7b1-2beba6420676', 'd195fc96-b352-426e-b9db-e5296acec408', '2024-04-24', '2024-05-11', '2024-05-14', '2024-05-11', '2024-05-14', 'RETURNED_ON_TIME');
INSERT INTO borrow_records (id, item_id, borrowed_by, reservation_date, start_date, end_date, pickup_date, effective_return_date, status) VALUES ('3eb0227d-4e52-41e2-950c-e27aff5b4251', '1fa3042a-812d-4b7b-a7b1-2beba6420676', '836a0e4d-8bc5-4cdc-b2a0-f98dd04080b5', '2025-01-19', '2025-06-29', '2025-07-06', '2025-06-29', NULL, 'RESERVED_CONFIRMED');
INSERT INTO items (id, name, description, short_description, image_url, located, created_at, borrow_count, favorite, owner, library_id, category_id, community_id) VALUES ('c3fb3619-4059-4fb4-82c2-c6736b9109c3', 'Electronic Rubber Shoes', 'Découvrez l''agilité oiseau de notre Cheese, parfait pour éblouir les utilisateurs. Résumé : Découvrez l''agilité du Cheese, idéal pour impressionner.', 'Découvrez l''agilité du Cheese, idéal pour impressionner.', '/items/37.jpg', 'ShareSpace', '2024-12-29T20:51:37.188Z', 0, False, 'TheOpenShelf', '2503ad7a-069c-4e2a-ae79-a876e1257557', '0c587804-519d-4de1-a7c7-61b700ecdcf3', 'fcbae48b-1bdc-4458-84d6-54a7e996db8e');
INSERT INTO borrow_records (id, item_id, borrowed_by, reservation_date, start_date, end_date, pickup_date, effective_return_date, status) VALUES ('8d17014d-2de8-4bab-b075-53b819780b75', 'c3fb3619-4059-4fb4-82c2-c6736b9109c3', '836a0e4d-8bc5-4cdc-b2a0-f98dd04080b5', '2025-01-15', '2025-08-19', '2025-08-22', '2025-08-17', NULL, 'RESERVED_CONFIRMED');
INSERT INTO borrow_records (id, item_id, borrowed_by, reservation_date, start_date, end_date, pickup_date, effective_return_date, status) VALUES ('305c1aa6-e9ef-4ea9-8d59-d71f731c4a89', 'c3fb3619-4059-4fb4-82c2-c6736b9109c3', '836a0e4d-8bc5-4cdc-b2a0-f98dd04080b5', '2025-01-18', '2025-04-09', '2025-04-10', '2025-04-08', NULL, 'RESERVED_CONFIRMED');
INSERT INTO items (id, name, description, short_description, image_url, located, created_at, borrow_count, favorite, owner, library_id, category_id, community_id) VALUES ('9b8831d0-1dd8-4ff0-88e2-fb9de29db12d', 'Generic Bronze Shirt', 'Découvrez l''agilité semblable à celle d''une vache de notre fromage, parfait pour les utilisateurs fatigués.  Résumé : Fromage agile pour utilisateurs fatigués.', 'Fromage agile pour utilisateurs fatigués.', '/items/38.jpg', 'ShareSpace', '2024-12-29T20:51:37.168Z', 15, False, 'TheOpenShelf', '2503ad7a-069c-4e2a-ae79-a876e1257557', '251280e9-e48a-4ea2-af36-193f6ddf7914', 'fcbae48b-1bdc-4458-84d6-54a7e996db8e');
INSERT INTO borrow_records (id, item_id, borrowed_by, reservation_date, start_date, end_date, pickup_date, effective_return_date, status) VALUES ('40fa6fc2-164c-4af9-8f2a-a4b692befb09', '9b8831d0-1dd8-4ff0-88e2-fb9de29db12d', '60249cc9-5823-4a7c-88d7-4c67748dbb53', '2024-12-21', '2025-01-05', '2025-01-09', '2025-01-05', '2025-01-09', 'RETURNED_ON_TIME');
INSERT INTO items (id, name, description, short_description, image_url, located, created_at, borrow_count, favorite, owner, library_id, category_id, community_id) VALUES ('5980b0ea-33bd-41db-aa9b-a7705cd6e044', 'Incredible Fresh Chair', 'Le poulet intégré à contenu basé sur la prédiction offre des performances fiables et un design privé.  Résumé : Poulet de prédiction intégré à contenu offrant performances fiables et design privé.', 'Poulet de prédiction intégré à contenu offrant performances fiables et design privé.', '/items/39.jpg', 'ShareSpace', '2024-12-29T20:51:37.214Z', 5, False, 'TheOpenShelf', '2503ad7a-069c-4e2a-ae79-a876e1257557', '1269889a-d6ae-44fc-a481-d3356956d870', 'fcbae48b-1bdc-4458-84d6-54a7e996db8e');
INSERT INTO borrow_records (id, item_id, borrowed_by, reservation_date, start_date, end_date, pickup_date, effective_return_date, status) VALUES ('ab6ebfe6-6d15-4552-aae8-bc571f9e8642', '5980b0ea-33bd-41db-aa9b-a7705cd6e044', '836a0e4d-8bc5-4cdc-b2a0-f98dd04080b5', '2024-04-19', '2024-05-08', '2024-05-14', '2024-05-09', '2024-05-15', 'RETURNED_LATE');
INSERT INTO items (id, name, description, short_description, image_url, located, created_at, borrow_count, favorite, owner, library_id, category_id, community_id) VALUES ('8b2a7699-0504-405a-a889-30fd934a46bd', 'Licensed Frozen Gloves', 'Le Beulah Hat est le dernier produit dérivé de la série de Runolfsson, Runolfsson et Okuneva.  Résumé : Le Beulah Hat est le dernier produit dérivé de Runolfsson, Runolfsson et Okuneva.', 'Le Beulah Hat est le dernier produit dérivé de Runolfsson, Runolfsson et Okuneva.', '/items/40.jpg', 'ShareSpace', '2024-12-29T20:51:37.216Z', 1, True, 'TheOpenShelf', '2503ad7a-069c-4e2a-ae79-a876e1257557', '0c587804-519d-4de1-a7c7-61b700ecdcf3', 'fcbae48b-1bdc-4458-84d6-54a7e996db8e');
INSERT INTO borrow_records (id, item_id, borrowed_by, reservation_date, start_date, end_date, pickup_date, effective_return_date, status) VALUES ('060f8d16-a587-4693-8317-a8c32cfe1f3f', '8b2a7699-0504-405a-a889-30fd934a46bd', 'd1cfa2bd-38da-4159-b956-d2d125716257', '2025-01-13', '2025-09-11', '2025-09-14', '2025-09-11', NULL, 'RESERVED_CONFIRMED');
INSERT INTO borrow_records (id, item_id, borrowed_by, reservation_date, start_date, end_date, pickup_date, effective_return_date, status) VALUES ('09c72eb0-7e9a-4448-8ea3-22ad227223f8', '8b2a7699-0504-405a-a889-30fd934a46bd', 'd1cfa2bd-38da-4159-b956-d2d125716257', '2025-01-23', '2025-03-19', '2025-03-23', '2025-03-19', NULL, 'RESERVED_CONFIRMED');
INSERT INTO borrow_records (id, item_id, borrowed_by, reservation_date, start_date, end_date, pickup_date, effective_return_date, status) VALUES ('b999b888-835a-4dc0-bb66-5b64edbf23cd', '8b2a7699-0504-405a-a889-30fd934a46bd', '836a0e4d-8bc5-4cdc-b2a0-f98dd04080b5', '2024-01-10', '2024-02-01', '2024-02-04', '2024-02-01', '2024-02-05', 'RETURNED_LATE');
INSERT INTO borrow_records (id, item_id, borrowed_by, reservation_date, start_date, end_date, pickup_date, effective_return_date, status) VALUES ('32f80cdd-2f41-4e1c-829b-2ca27ff11511', '8b2a7699-0504-405a-a889-30fd934a46bd', '836a0e4d-8bc5-4cdc-b2a0-f98dd04080b5', '2025-01-09', '2025-10-23', '2025-10-28', '2025-10-23', NULL, 'RESERVED_CONFIRMED');
INSERT INTO borrow_records (id, item_id, borrowed_by, reservation_date, start_date, end_date, pickup_date, effective_return_date, status) VALUES ('5e662fc3-67e2-4855-9eff-93726fa9473f', '8b2a7699-0504-405a-a889-30fd934a46bd', 'd1cfa2bd-38da-4159-b956-d2d125716257', '2024-07-03', '2024-07-22', '2024-07-27', '2024-07-20', '2024-07-27', 'RETURNED_ON_TIME');
INSERT INTO borrow_records (id, item_id, borrowed_by, reservation_date, start_date, end_date, pickup_date, effective_return_date, status) VALUES ('2534b43e-5dc8-42e5-8e8d-48543ce51cb6', '8b2a7699-0504-405a-a889-30fd934a46bd', '432a6a46-b2a8-42d3-9e8a-b3bc0573db19', '2024-06-23', '2024-07-05', '2024-07-12', '2024-07-05', '2024-07-13', 'RETURNED_LATE');
INSERT INTO borrow_records (id, item_id, borrowed_by, reservation_date, start_date, end_date, pickup_date, effective_return_date, status) VALUES ('51b6ee37-6f34-46bc-af7f-01715f15b985', '8b2a7699-0504-405a-a889-30fd934a46bd', '836a0e4d-8bc5-4cdc-b2a0-f98dd04080b5', '2025-01-11', '2025-12-09', '2025-12-15', '2025-12-07', NULL, 'RESERVED_CONFIRMED');
INSERT INTO borrow_records (id, item_id, borrowed_by, reservation_date, start_date, end_date, pickup_date, effective_return_date, status) VALUES ('f887f69f-cff2-403d-bf17-74b442e6a35e', '8b2a7699-0504-405a-a889-30fd934a46bd', 'fdb9e254-489a-405b-8882-0f35afd0a4a7', '2024-05-07', '2024-06-01', '2024-06-07', '2024-06-01', '2024-06-06', 'RETURNED_EARLY');
INSERT INTO items (id, name, description, short_description, image_url, located, created_at, borrow_count, favorite, owner, library_id, category_id, community_id) VALUES ('010efb7a-6ecf-4531-999a-96efa8103f37', 'Oriental Concrete Chair', 'Découvrez l''éclat vert menthe de notre savon, parfait pour les environnements honteux.  Résumé : Savon vert menthe pour environnements honteux.', 'Savon vert menthe pour environnements honteux.', '/items/41.jpg', 'ShareSpace', '2024-12-29T20:51:37.214Z', 16, True, 'TheOpenShelf', '2503ad7a-069c-4e2a-ae79-a876e1257557', '4c5328be-14c1-4840-9d47-bb24e50be5a9', 'fcbae48b-1bdc-4458-84d6-54a7e996db8e');
INSERT INTO borrow_records (id, item_id, borrowed_by, reservation_date, start_date, end_date, pickup_date, effective_return_date, status) VALUES ('5162c15c-0b51-4dea-a1dd-2965086b8d27', '010efb7a-6ecf-4531-999a-96efa8103f37', '836a0e4d-8bc5-4cdc-b2a0-f98dd04080b5', '2025-01-21', '2025-11-30', '2025-12-06', '2025-11-30', NULL, 'RESERVED_CONFIRMED');
INSERT INTO items (id, name, description, short_description, image_url, located, created_at, borrow_count, favorite, owner, library_id, category_id, community_id) VALUES ('fca70d45-fdf7-4be5-9dad-92fe36e253a5', 'The Art of War', 'La technologie de pointe en matière de chaussures du groupe Hackett améliore considérablement les capacités.  Résumé : La technologie de chaussures avancée de Hackett Group améliore les capacités.', 'La technologie de chaussures avancée de Hackett Group améliore les capacités.', '/items/42.jpg', 'ShareSpace', '2024-12-29T20:51:37.212Z', 7, True, 'TheOpenShelf', '2503ad7a-069c-4e2a-ae79-a876e1257557', 'ae7e4c23-8de0-41ac-9bad-1e273b382055', 'fcbae48b-1bdc-4458-84d6-54a7e996db8e');
INSERT INTO borrow_records (id, item_id, borrowed_by, reservation_date, start_date, end_date, pickup_date, effective_return_date, status) VALUES ('f42fc08f-c2b4-4244-b5c8-44fdae55e967', 'fca70d45-fdf7-4be5-9dad-92fe36e253a5', '836a0e4d-8bc5-4cdc-b2a0-f98dd04080b5', '2025-01-13', '2025-08-31', '2025-09-07', '2025-08-29', NULL, 'RESERVED_CONFIRMED');
INSERT INTO borrow_records (id, item_id, borrowed_by, reservation_date, start_date, end_date, pickup_date, effective_return_date, status) VALUES ('311a7062-d9df-4daf-a9a3-81d33223e397', 'fca70d45-fdf7-4be5-9dad-92fe36e253a5', '432a6a46-b2a8-42d3-9e8a-b3bc0573db19', '2024-03-10', '2024-04-01', '2024-04-02', '2024-04-01', '2024-04-01', 'RETURNED_EARLY');
INSERT INTO borrow_records (id, item_id, borrowed_by, reservation_date, start_date, end_date, pickup_date, effective_return_date, status) VALUES ('496a1cb0-641a-4e74-9e41-a0c548a95caa', 'fca70d45-fdf7-4be5-9dad-92fe36e253a5', '60249cc9-5823-4a7c-88d7-4c67748dbb53', '2024-12-28', '2025-01-27', '2025-01-29', '2025-01-27', NULL, 'BORROWED_LATE');
INSERT INTO borrow_records (id, item_id, borrowed_by, reservation_date, start_date, end_date, pickup_date, effective_return_date, status) VALUES ('18734106-9a82-4603-83fb-a184e21724b2', 'fca70d45-fdf7-4be5-9dad-92fe36e253a5', '836a0e4d-8bc5-4cdc-b2a0-f98dd04080b5', '2024-07-26', '2024-08-09', '2024-08-10', '2024-08-10', '2024-08-10', 'RETURNED_ON_TIME');
INSERT INTO borrow_records (id, item_id, borrowed_by, reservation_date, start_date, end_date, pickup_date, effective_return_date, status) VALUES ('25edb3db-f65a-4242-99af-a77ee6fc1318', 'fca70d45-fdf7-4be5-9dad-92fe36e253a5', 'da1a2634-143a-4028-b821-6459f9cdd6a2', '2024-09-17', '2024-09-23', '2024-09-30', '2024-09-22', '2024-10-01', 'RETURNED_LATE');
INSERT INTO items (id, name, description, short_description, image_url, located, created_at, borrow_count, favorite, owner, library_id, category_id, community_id) VALUES ('9db3466d-018f-4368-8cfc-ad95b9189bf9', 'Awesome Rubber Bike', 'Balle sous licence Frozen conçue pour des performances optimales.  Résumé : Balle Frozen pour performances maximales.', 'Balle Frozen pour performances maximales.', '/items/43.jpg', 'ShareSpace', '2024-12-29T20:51:37.196Z', 6, True, 'TheOpenShelf', '2503ad7a-069c-4e2a-ae79-a876e1257557', '4c5328be-14c1-4840-9d47-bb24e50be5a9', 'fcbae48b-1bdc-4458-84d6-54a7e996db8e');
INSERT INTO borrow_records (id, item_id, borrowed_by, reservation_date, start_date, end_date, pickup_date, effective_return_date, status) VALUES ('63c0805b-0cab-423a-9608-f386b5ab6136', '9db3466d-018f-4368-8cfc-ad95b9189bf9', '5d109106-b83a-4539-9989-a0460e9afa6a', '2024-09-13', '2024-09-18', '2024-09-22', '2024-09-18', '2024-09-21', 'RETURNED_EARLY');
INSERT INTO borrow_records (id, item_id, borrowed_by, reservation_date, start_date, end_date, pickup_date, effective_return_date, status) VALUES ('51659da5-a6dc-4ee0-861b-fc5aa1445d08', '9db3466d-018f-4368-8cfc-ad95b9189bf9', '9c26ac0d-ab26-411b-8238-0f7a130bf967', '2024-03-16', '2024-04-02', '2024-04-05', '2024-04-03', '2024-04-06', 'RETURNED_LATE');
INSERT INTO borrow_records (id, item_id, borrowed_by, reservation_date, start_date, end_date, pickup_date, effective_return_date, status) VALUES ('4ebebaaa-fc78-423c-835e-1464489b4893', '9db3466d-018f-4368-8cfc-ad95b9189bf9', 'd195fc96-b352-426e-b9db-e5296acec408', '2025-01-09', '2025-03-26', '2025-03-30', '2025-03-26', NULL, 'RESERVED_CONFIRMED');
INSERT INTO borrow_records (id, item_id, borrowed_by, reservation_date, start_date, end_date, pickup_date, effective_return_date, status) VALUES ('cbf4f7a2-9039-47f3-ac94-0291fcbfde01', '9db3466d-018f-4368-8cfc-ad95b9189bf9', 'd195fc96-b352-426e-b9db-e5296acec408', '2024-10-24', '2024-11-01', '2024-11-04', '2024-11-02', '2024-11-03', 'RETURNED_EARLY');
INSERT INTO borrow_records (id, item_id, borrowed_by, reservation_date, start_date, end_date, pickup_date, effective_return_date, status) VALUES ('7ceaa1d6-ef4b-4d1f-b081-29cb2be85bdb', '9db3466d-018f-4368-8cfc-ad95b9189bf9', '6d73f03d-50fc-4b69-8ceb-d7f9791a13ba', '2024-06-29', '2024-07-16', '2024-07-22', '2024-07-16', '2024-07-23', 'RETURNED_LATE');
INSERT INTO borrow_records (id, item_id, borrowed_by, reservation_date, start_date, end_date, pickup_date, effective_return_date, status) VALUES ('bdf2edb0-87a5-40e2-a7b4-30b38bd64578', '9db3466d-018f-4368-8cfc-ad95b9189bf9', '836a0e4d-8bc5-4cdc-b2a0-f98dd04080b5', '2025-02-06', '2025-02-08', '2025-02-10', '2025-02-08', NULL, 'BORROWED_LATE');
INSERT INTO borrow_records (id, item_id, borrowed_by, reservation_date, start_date, end_date, pickup_date, effective_return_date, status) VALUES ('5eff67af-7fbd-477e-89cf-67c796edcffe', '9db3466d-018f-4368-8cfc-ad95b9189bf9', '836a0e4d-8bc5-4cdc-b2a0-f98dd04080b5', '2025-02-10', '2025-02-16', '2025-02-17', '2025-02-16', NULL, 'RESERVED_CONFIRMED');
INSERT INTO borrow_records (id, item_id, borrowed_by, reservation_date, start_date, end_date, pickup_date, effective_return_date, status) VALUES ('036381eb-36aa-46e0-8abf-6e8ca2f319fc', '9db3466d-018f-4368-8cfc-ad95b9189bf9', '6d73f03d-50fc-4b69-8ceb-d7f9791a13ba', '2024-11-14', '2024-12-05', '2024-12-07', '2024-12-05', '2024-12-07', 'RETURNED_ON_TIME');
INSERT INTO borrow_records (id, item_id, borrowed_by, reservation_date, start_date, end_date, pickup_date, effective_return_date, status) VALUES ('6b2d3e8f-c1bd-4e55-a3b6-24f1847cbb52', '9db3466d-018f-4368-8cfc-ad95b9189bf9', 'd34ce04c-9a79-4d4d-a533-88d4266c3c3b', '2024-09-11', '2024-10-03', '2024-10-08', '2024-10-02', '2024-10-08', 'RETURNED_ON_TIME');
INSERT INTO borrow_records (id, item_id, borrowed_by, reservation_date, start_date, end_date, pickup_date, effective_return_date, status) VALUES ('5356715c-1cc1-44ff-9dbc-ccca84483f20', '9db3466d-018f-4368-8cfc-ad95b9189bf9', '836a0e4d-8bc5-4cdc-b2a0-f98dd04080b5', '2024-07-25', '2024-08-03', '2024-08-07', '2024-08-03', '2024-08-07', 'RETURNED_ON_TIME');
INSERT INTO items (id, name, description, short_description, image_url, located, created_at, borrow_count, favorite, owner, library_id, category_id, community_id) VALUES ('f96c8361-d19b-4753-990e-715122d08a11', 'Sleek Plastic Tuna', 'Découvrez l''agilité semblable à celle d''un cerf de notre salade, parfaite pour les utilisateurs carrés.   Résumé : Découvrez l''agilité de notre salade, parfaite pour les utilisateurs carrés.', 'Découvrez l''agilité de notre salade, parfaite pour les utilisateurs carrés.', '/items/44.jpg', 'ShareSpace', '2024-12-29T20:51:37.284Z', 10, False, 'TheOpenShelf', 'b7120bf8-d482-4b95-b6c0-2324d480ef3a', '1269889a-d6ae-44fc-a481-d3356956d870', 'fcbae48b-1bdc-4458-84d6-54a7e996db8e');
INSERT INTO borrow_records (id, item_id, borrowed_by, reservation_date, start_date, end_date, pickup_date, effective_return_date, status) VALUES ('ba26a082-1e80-438b-ac30-49d83d104da6', 'f96c8361-d19b-4753-990e-715122d08a11', 'd1cfa2bd-38da-4159-b956-d2d125716257', '2025-02-11', '2025-02-20', '2025-02-24', '2025-02-19', NULL, 'RESERVED_CONFIRMED');
INSERT INTO borrow_records (id, item_id, borrowed_by, reservation_date, start_date, end_date, pickup_date, effective_return_date, status) VALUES ('bd40f73f-809a-49d5-bf04-f951f4707acf', 'f96c8361-d19b-4753-990e-715122d08a11', 'd1cfa2bd-38da-4159-b956-d2d125716257', '2024-02-29', '2024-03-14', '2024-03-16', '2024-03-14', '2024-03-16', 'RETURNED_ON_TIME');
INSERT INTO borrow_records (id, item_id, borrowed_by, reservation_date, start_date, end_date, pickup_date, effective_return_date, status) VALUES ('706d6a81-f31e-4d33-826c-e5e8a8dbaf2e', 'f96c8361-d19b-4753-990e-715122d08a11', '836a0e4d-8bc5-4cdc-b2a0-f98dd04080b5', '2024-12-06', '2024-12-10', '2024-12-14', '2024-12-10', '2024-12-14', 'RETURNED_ON_TIME');
INSERT INTO borrow_records (id, item_id, borrowed_by, reservation_date, start_date, end_date, pickup_date, effective_return_date, status) VALUES ('3d10d4eb-d0c4-4345-bab9-a78d3b143569', 'f96c8361-d19b-4753-990e-715122d08a11', '836a0e4d-8bc5-4cdc-b2a0-f98dd04080b5', '2024-03-29', '2024-03-31', '2024-04-02', '2024-03-29', '2024-04-01', 'RETURNED_EARLY');
INSERT INTO borrow_records (id, item_id, borrowed_by, reservation_date, start_date, end_date, pickup_date, effective_return_date, status) VALUES ('f217e4a7-2964-4902-bba7-a7dfcd0506c5', 'f96c8361-d19b-4753-990e-715122d08a11', 'd34ce04c-9a79-4d4d-a533-88d4266c3c3b', '2024-10-21', '2024-11-14', '2024-11-19', '2024-11-15', '2024-11-18', 'RETURNED_EARLY');
INSERT INTO borrow_records (id, item_id, borrowed_by, reservation_date, start_date, end_date, pickup_date, effective_return_date, status) VALUES ('71eb285d-6197-43be-ab6f-df70c346802b', 'f96c8361-d19b-4753-990e-715122d08a11', 'd1cfa2bd-38da-4159-b956-d2d125716257', '2024-03-10', '2024-03-29', '2024-03-31', '2024-03-29', '2024-03-30', 'RETURNED_EARLY');
INSERT INTO borrow_records (id, item_id, borrowed_by, reservation_date, start_date, end_date, pickup_date, effective_return_date, status) VALUES ('255067c7-4df5-4e01-a59c-d074506b068f', 'f96c8361-d19b-4753-990e-715122d08a11', 'fdb9e254-489a-405b-8882-0f35afd0a4a7', '2024-07-19', '2024-08-01', '2024-08-05', '2024-07-30', '2024-08-06', 'RETURNED_LATE');
INSERT INTO borrow_records (id, item_id, borrowed_by, reservation_date, start_date, end_date, pickup_date, effective_return_date, status) VALUES ('027abfdf-667b-4e11-8a59-a5a72e0d85dc', 'f96c8361-d19b-4753-990e-715122d08a11', '836a0e4d-8bc5-4cdc-b2a0-f98dd04080b5', '2025-01-17', '2025-10-04', '2025-10-11', '2025-10-04', NULL, 'RESERVED_CONFIRMED');
INSERT INTO borrow_records (id, item_id, borrowed_by, reservation_date, start_date, end_date, pickup_date, effective_return_date, status) VALUES ('b81fd85c-1cc6-4ae6-9ed0-ff6ea544e546', 'f96c8361-d19b-4753-990e-715122d08a11', '836a0e4d-8bc5-4cdc-b2a0-f98dd04080b5', '2025-01-13', '2025-02-10', '2025-02-12', '2025-02-10', NULL, 'RESERVED_PICKUP_UNCONFIRMED');
INSERT INTO items (id, name, description, short_description, image_url, located, created_at, borrow_count, favorite, owner, library_id, category_id, community_id) VALUES ('0ce03e77-0ed0-49cc-8dce-c63a70713662', 'Rustic Cotton Soap', 'Découvrez l''agilité kangourou de nos chaussures, idéales pour les utilisateurs fatigués.  Résumé : Chaussures agiles pour utilisateurs fatigués.', 'Chaussures agiles pour utilisateurs fatigués.', '/items/45.jpg', 'ShareSpace', '2024-12-29T20:51:37.548Z', 5, True, 'TheOpenShelf', '9780620e-2ceb-4734-89fe-45cc430c0b84', '4c86bdd6-7940-4e4a-84ef-4801e786be7e', 'fcbae48b-1bdc-4458-84d6-54a7e996db8e');
INSERT INTO borrow_records (id, item_id, borrowed_by, reservation_date, start_date, end_date, pickup_date, effective_return_date, status) VALUES ('90e7b789-58d2-4398-a961-0f93023680e9', '0ce03e77-0ed0-49cc-8dce-c63a70713662', '836a0e4d-8bc5-4cdc-b2a0-f98dd04080b5', '2025-01-14', '2025-12-01', '2025-12-08', '2025-11-29', NULL, 'RESERVED_CONFIRMED');
INSERT INTO borrow_records (id, item_id, borrowed_by, reservation_date, start_date, end_date, pickup_date, effective_return_date, status) VALUES ('c43c4bdb-334f-48bf-956b-b5aeb398a6d0', '0ce03e77-0ed0-49cc-8dce-c63a70713662', '836a0e4d-8bc5-4cdc-b2a0-f98dd04080b5', '2024-05-26', '2024-06-24', '2024-06-30', '2024-06-24', '2024-06-30', 'RETURNED_ON_TIME');
INSERT INTO items (id, name, description, short_description, image_url, located, created_at, borrow_count, favorite, owner, library_id, category_id, community_id) VALUES ('b56bc881-8bdf-42bb-8f10-a93d3a50764b', 'Oriental Concrete Mouse', 'Chaussures ergonomiques en métal pour un soutien honorable toute la journée.  Résumé : Chaussures ergonomiques en métal pour un soutien toute la journée.', 'Chaussures ergonomiques en métal pour un soutien toute la journée.', '/items/46.jpg', 'ShareSpace', '2024-12-29T20:51:37.238Z', 20, True, 'TheOpenShelf', 'b7120bf8-d482-4b95-b6c0-2324d480ef3a', '9e8f210f-d153-400f-b94e-6c66f9eba700', 'fcbae48b-1bdc-4458-84d6-54a7e996db8e');
INSERT INTO borrow_records (id, item_id, borrowed_by, reservation_date, start_date, end_date, pickup_date, effective_return_date, status) VALUES ('d8ea929a-7421-491e-a117-1f3f853ed10f', 'b56bc881-8bdf-42bb-8f10-a93d3a50764b', '9c26ac0d-ab26-411b-8238-0f7a130bf967', '2025-01-08', '2025-02-05', '2025-02-08', '2025-02-04', NULL, 'BORROWED_LATE');
INSERT INTO borrow_records (id, item_id, borrowed_by, reservation_date, start_date, end_date, pickup_date, effective_return_date, status) VALUES ('b4e86fd2-a280-4a95-aa20-588b338300b2', 'b56bc881-8bdf-42bb-8f10-a93d3a50764b', '836a0e4d-8bc5-4cdc-b2a0-f98dd04080b5', '2024-04-27', '2024-05-02', '2024-05-04', '2024-05-02', '2024-05-03', 'RETURNED_EARLY');
INSERT INTO borrow_records (id, item_id, borrowed_by, reservation_date, start_date, end_date, pickup_date, effective_return_date, status) VALUES ('dc317c97-0abe-4b1a-b379-aa0283869522', 'b56bc881-8bdf-42bb-8f10-a93d3a50764b', '836a0e4d-8bc5-4cdc-b2a0-f98dd04080b5', '2025-01-19', '2025-10-09', '2025-10-16', '2025-10-07', NULL, 'RESERVED_UNCONFIRMED');
INSERT INTO borrow_records (id, item_id, borrowed_by, reservation_date, start_date, end_date, pickup_date, effective_return_date, status) VALUES ('3e883e0e-4197-4b7f-a400-256cc3636b8d', 'b56bc881-8bdf-42bb-8f10-a93d3a50764b', 'd195fc96-b352-426e-b9db-e5296acec408', '2024-10-27', '2024-11-01', '2024-11-08', '2024-10-31', '2024-11-07', 'RETURNED_EARLY');
INSERT INTO borrow_records (id, item_id, borrowed_by, reservation_date, start_date, end_date, pickup_date, effective_return_date, status) VALUES ('03ad5881-f902-44a5-91d1-fde8aedd3bbc', 'b56bc881-8bdf-42bb-8f10-a93d3a50764b', '836a0e4d-8bc5-4cdc-b2a0-f98dd04080b5', '2023-12-29', '2024-01-16', '2024-01-17', '2024-01-16', '2024-01-17', 'RETURNED_ON_TIME');
INSERT INTO borrow_records (id, item_id, borrowed_by, reservation_date, start_date, end_date, pickup_date, effective_return_date, status) VALUES ('c52eead8-13a2-46a5-9df5-947f0d459675', 'b56bc881-8bdf-42bb-8f10-a93d3a50764b', '836a0e4d-8bc5-4cdc-b2a0-f98dd04080b5', '2024-06-15', '2024-07-03', '2024-07-05', '2024-07-01', '2024-07-05', 'RETURNED_ON_TIME');
INSERT INTO borrow_records (id, item_id, borrowed_by, reservation_date, start_date, end_date, pickup_date, effective_return_date, status) VALUES ('61399809-0962-4ebc-aec3-3b19c07f0ded', 'b56bc881-8bdf-42bb-8f10-a93d3a50764b', '836a0e4d-8bc5-4cdc-b2a0-f98dd04080b5', '2025-01-21', '2025-10-22', '2025-10-24', '2025-10-21', NULL, 'RESERVED_CONFIRMED');
INSERT INTO borrow_records (id, item_id, borrowed_by, reservation_date, start_date, end_date, pickup_date, effective_return_date, status) VALUES ('ddbf3952-96b5-43af-9acd-4214bf9cec01', 'b56bc881-8bdf-42bb-8f10-a93d3a50764b', '836a0e4d-8bc5-4cdc-b2a0-f98dd04080b5', '2025-01-18', '2025-03-19', '2025-03-21', '2025-03-18', NULL, 'RESERVED_CONFIRMED');
INSERT INTO items (id, name, description, short_description, image_url, located, created_at, borrow_count, favorite, owner, library_id, category_id, community_id) VALUES ('3d659440-d5ef-4842-82df-e80d52d4cc3a', 'Fantastic Wooden Soap', 'Introducing the Mali-inspired Bike, blending stylish design with local craftsmanship.  Résumé : Nouveau vélo inspiré du Mali, alliant design élégant et artisanat local.', 'Nouveau vélo inspiré du Mali, alliant design élégant et artisanat local.', '/items/47.jpg', 'ShareSpace', '2024-12-29T20:51:37.259Z', 6, False, 'TheOpenShelf', '2503ad7a-069c-4e2a-ae79-a876e1257557', 'f64f267c-1964-4526-8e45-e5dc0193df41', 'fcbae48b-1bdc-4458-84d6-54a7e996db8e');
INSERT INTO borrow_records (id, item_id, borrowed_by, reservation_date, start_date, end_date, pickup_date, effective_return_date, status) VALUES ('91e854b1-2aea-4213-8b4c-06482efb64cd', '3d659440-d5ef-4842-82df-e80d52d4cc3a', '60249cc9-5823-4a7c-88d7-4c67748dbb53', '2024-05-19', '2024-06-10', '2024-06-15', '2024-06-11', '2024-06-16', 'RETURNED_LATE');
INSERT INTO items (id, name, description, short_description, image_url, located, created_at, borrow_count, favorite, owner, library_id, category_id, community_id) VALUES ('a26bb6f2-6919-4082-82cd-ec29ee9635dd', 'Electronic Rubber Car', 'Savon innovant associant une technologie ludique et une construction en béton.  Résumé : Savon original alliant technologie amusante et béton.', 'Savon original alliant technologie amusante et béton.', '/items/48.jpg', 'ShareSpace', '2024-12-29T20:51:37.205Z', 11, False, 'TheOpenShelf', '9780620e-2ceb-4734-89fe-45cc430c0b84', 'ec0deb0a-5e9a-4f77-b3b5-a0d53218e041', 'fcbae48b-1bdc-4458-84d6-54a7e996db8e');
INSERT INTO borrow_records (id, item_id, borrowed_by, reservation_date, start_date, end_date, pickup_date, effective_return_date, status) VALUES ('925a5064-f826-4c55-96dd-8f33fdd9d57c', 'a26bb6f2-6919-4082-82cd-ec29ee9635dd', '836a0e4d-8bc5-4cdc-b2a0-f98dd04080b5', '2024-10-13', '2024-11-10', '2024-11-14', '2024-11-09', '2024-11-14', 'RETURNED_ON_TIME');
INSERT INTO borrow_records (id, item_id, borrowed_by, reservation_date, start_date, end_date, pickup_date, effective_return_date, status) VALUES ('90230a6f-e182-4ef7-99e9-ea18701d3741', 'a26bb6f2-6919-4082-82cd-ec29ee9635dd', 'd34ce04c-9a79-4d4d-a533-88d4266c3c3b', '2024-12-22', '2025-01-01', '2025-01-07', '2025-01-02', '2025-01-07', 'RETURNED_ON_TIME');
INSERT INTO borrow_records (id, item_id, borrowed_by, reservation_date, start_date, end_date, pickup_date, effective_return_date, status) VALUES ('0999711f-ae40-4f7d-8344-47d5b760ddf2', 'a26bb6f2-6919-4082-82cd-ec29ee9635dd', '432a6a46-b2a8-42d3-9e8a-b3bc0573db19', '2025-01-22', '2025-04-01', '2025-04-06', '2025-04-01', NULL, 'RESERVED_CONFIRMED');
INSERT INTO borrow_records (id, item_id, borrowed_by, reservation_date, start_date, end_date, pickup_date, effective_return_date, status) VALUES ('70469a60-0f8f-4e1a-a74a-7e93b7867bc9', 'a26bb6f2-6919-4082-82cd-ec29ee9635dd', '885df314-dac1-48fe-a33e-e2b792c3e7c7', '2025-01-16', '2025-08-10', '2025-08-12', '2025-08-10', NULL, 'RESERVED_CONFIRMED');
INSERT INTO borrow_records (id, item_id, borrowed_by, reservation_date, start_date, end_date, pickup_date, effective_return_date, status) VALUES ('caaa28c0-cfb6-46e1-bff6-ad2121eb91fd', 'a26bb6f2-6919-4082-82cd-ec29ee9635dd', '432a6a46-b2a8-42d3-9e8a-b3bc0573db19', '2024-02-10', '2024-02-27', '2024-03-05', '2024-02-27', '2024-03-06', 'RETURNED_LATE');
INSERT INTO borrow_records (id, item_id, borrowed_by, reservation_date, start_date, end_date, pickup_date, effective_return_date, status) VALUES ('2ebaac5e-cc70-4305-90ec-e8c85ce7b8fb', 'a26bb6f2-6919-4082-82cd-ec29ee9635dd', '9c26ac0d-ab26-411b-8238-0f7a130bf967', '2024-10-24', '2024-11-07', '2024-11-13', '2024-11-07', '2024-11-12', 'RETURNED_EARLY');
INSERT INTO items (id, name, description, short_description, image_url, located, created_at, borrow_count, favorite, owner, library_id, category_id, community_id) VALUES ('db6127e6-88cc-4140-b7e8-e3ff4a9bf246', 'Bespoke Plastic Mouse', 'Pizza de luxe conçue avec du granit pour une présentation raffinée. Résumé : Pizza de luxe avec granit pour une présentation raffinée.', 'Pizza de luxe avec granit pour une présentation raffinée.', '/items/49.jpg', 'ShareSpace', '2024-12-29T20:51:37.187Z', 0, False, 'TheOpenShelf', '9780620e-2ceb-4734-89fe-45cc430c0b84', '9e8f210f-d153-400f-b94e-6c66f9eba700', 'fcbae48b-1bdc-4458-84d6-54a7e996db8e');
INSERT INTO borrow_records (id, item_id, borrowed_by, reservation_date, start_date, end_date, pickup_date, effective_return_date, status) VALUES ('6348351e-859e-4425-83ae-4ac2ace64ca7', 'db6127e6-88cc-4140-b7e8-e3ff4a9bf246', '6d73f03d-50fc-4b69-8ceb-d7f9791a13ba', '2025-01-08', '2025-09-17', '2025-09-24', '2025-09-16', NULL, 'RESERVED_CONFIRMED');
INSERT INTO borrow_records (id, item_id, borrowed_by, reservation_date, start_date, end_date, pickup_date, effective_return_date, status) VALUES ('bb069eac-11d9-44e3-983c-512608b6dd39', 'db6127e6-88cc-4140-b7e8-e3ff4a9bf246', 'd1cfa2bd-38da-4159-b956-d2d125716257', '2024-08-11', '2024-08-16', '2024-08-21', '2024-08-17', '2024-08-21', 'RETURNED_ON_TIME');
INSERT INTO borrow_records (id, item_id, borrowed_by, reservation_date, start_date, end_date, pickup_date, effective_return_date, status) VALUES ('be564dcd-53ca-49c1-84df-aa07dc2ac073', 'db6127e6-88cc-4140-b7e8-e3ff4a9bf246', '836a0e4d-8bc5-4cdc-b2a0-f98dd04080b5', '2024-07-31', '2024-08-04', '2024-08-06', '2024-08-04', '2024-08-06', 'RETURNED_ON_TIME');
INSERT INTO borrow_records (id, item_id, borrowed_by, reservation_date, start_date, end_date, pickup_date, effective_return_date, status) VALUES ('d776638c-0ccd-41a0-aa74-95ec3d5dc104', 'db6127e6-88cc-4140-b7e8-e3ff4a9bf246', 'fdb9e254-489a-405b-8882-0f35afd0a4a7', '2025-01-05', '2025-01-28', '2025-01-29', '2025-01-28', NULL, 'BORROWED_LATE');
INSERT INTO borrow_records (id, item_id, borrowed_by, reservation_date, start_date, end_date, pickup_date, effective_return_date, status) VALUES ('fdea4fa5-1855-4fde-94fe-126eff75e3bc', 'db6127e6-88cc-4140-b7e8-e3ff4a9bf246', '5d109106-b83a-4539-9989-a0460e9afa6a', '2025-01-08', '2025-06-09', '2025-06-13', '2025-06-09', NULL, 'RESERVED_CONFIRMED');
INSERT INTO borrow_records (id, item_id, borrowed_by, reservation_date, start_date, end_date, pickup_date, effective_return_date, status) VALUES ('b6110029-b82f-40b7-a197-b0499152da40', 'db6127e6-88cc-4140-b7e8-e3ff4a9bf246', '836a0e4d-8bc5-4cdc-b2a0-f98dd04080b5', '2024-06-23', '2024-07-03', '2024-07-09', '2024-07-01', '2024-07-10', 'RETURNED_LATE');
INSERT INTO borrow_records (id, item_id, borrowed_by, reservation_date, start_date, end_date, pickup_date, effective_return_date, status) VALUES ('156647f2-4f2d-415a-bea2-4b337e108093', 'db6127e6-88cc-4140-b7e8-e3ff4a9bf246', '5d109106-b83a-4539-9989-a0460e9afa6a', '2024-01-14', '2024-01-25', '2024-01-29', '2024-01-25', '2024-01-29', 'RETURNED_ON_TIME');
INSERT INTO items (id, name, description, short_description, image_url, located, created_at, borrow_count, favorite, owner, library_id, category_id, community_id) VALUES ('ce76db8a-a15c-4ee0-8032-3f35c29d594c', 'Licensed Frozen Table', 'La table rose allie l''esthétique des îles Mariannes du Nord à la durabilité basée sur le Tantale.  Résumé : Une table rose allie esthétique et durabilité des îles Mariannes du Nord.', 'Une table rose allie esthétique et durabilité des îles Mariannes du Nord.', '/items/50.jpg', 'ShareSpace', '2024-12-29T20:51:37.256Z', 11, False, 'TheOpenShelf', 'b7120bf8-d482-4b95-b6c0-2324d480ef3a', 'f64f267c-1964-4526-8e45-e5dc0193df41', 'fcbae48b-1bdc-4458-84d6-54a7e996db8e');
INSERT INTO borrow_records (id, item_id, borrowed_by, reservation_date, start_date, end_date, pickup_date, effective_return_date, status) VALUES ('6c9e15b9-2418-4306-9245-7f73897c198a', 'ce76db8a-a15c-4ee0-8032-3f35c29d594c', '836a0e4d-8bc5-4cdc-b2a0-f98dd04080b5', '2024-01-04', '2024-01-28', '2024-01-29', '2024-01-28', '2024-01-28', 'RETURNED_EARLY');
INSERT INTO borrow_records (id, item_id, borrowed_by, reservation_date, start_date, end_date, pickup_date, effective_return_date, status) VALUES ('15d776bc-e2b3-4dc5-863f-ab97737e7cc4', 'ce76db8a-a15c-4ee0-8032-3f35c29d594c', '836a0e4d-8bc5-4cdc-b2a0-f98dd04080b5', '2025-01-21', '2025-05-29', '2025-06-04', '2025-05-29', NULL, 'RESERVED_CONFIRMED');
INSERT INTO borrow_records (id, item_id, borrowed_by, reservation_date, start_date, end_date, pickup_date, effective_return_date, status) VALUES ('08fcbac5-f48f-4cd8-b071-b833788297a2', 'ce76db8a-a15c-4ee0-8032-3f35c29d594c', '836a0e4d-8bc5-4cdc-b2a0-f98dd04080b5', '2024-03-27', '2024-04-05', '2024-04-11', '2024-04-05', '2024-04-10', 'RETURNED_EARLY');
INSERT INTO borrow_records (id, item_id, borrowed_by, reservation_date, start_date, end_date, pickup_date, effective_return_date, status) VALUES ('301b97d7-d210-4c37-bca5-caeb7cdca0e4', 'ce76db8a-a15c-4ee0-8032-3f35c29d594c', '432a6a46-b2a8-42d3-9e8a-b3bc0573db19', '2024-10-03', '2024-10-07', '2024-10-13', '2024-10-05', '2024-10-12', 'BORROWED_RETURN_UNCONFIRMED');
INSERT INTO borrow_records (id, item_id, borrowed_by, reservation_date, start_date, end_date, pickup_date, effective_return_date, status) VALUES ('f6ea9c2d-b0d4-4411-8114-41069c230150', 'ce76db8a-a15c-4ee0-8032-3f35c29d594c', '836a0e4d-8bc5-4cdc-b2a0-f98dd04080b5', '2025-01-22', '2025-05-31', '2025-06-03', '2025-05-30', NULL, 'RESERVED_CONFIRMED');
INSERT INTO borrow_records (id, item_id, borrowed_by, reservation_date, start_date, end_date, pickup_date, effective_return_date, status) VALUES ('353ad464-ad3a-4b28-a90a-c6f47cb82122', 'ce76db8a-a15c-4ee0-8032-3f35c29d594c', '836a0e4d-8bc5-4cdc-b2a0-f98dd04080b5', '2025-01-11', '2025-03-30', '2025-04-03', '2025-03-30', NULL, 'RESERVED_CONFIRMED');
INSERT INTO borrow_records (id, item_id, borrowed_by, reservation_date, start_date, end_date, pickup_date, effective_return_date, status) VALUES ('60047d72-d66c-49ad-aeff-3d666d1aab5a', 'ce76db8a-a15c-4ee0-8032-3f35c29d594c', '836a0e4d-8bc5-4cdc-b2a0-f98dd04080b5', '2025-01-18', '2025-07-27', '2025-07-29', '2025-07-27', NULL, 'RESERVED_CONFIRMED');
INSERT INTO borrow_records (id, item_id, borrowed_by, reservation_date, start_date, end_date, pickup_date, effective_return_date, status) VALUES ('3a9ceb29-1235-4e69-a329-519314f3364f', 'ce76db8a-a15c-4ee0-8032-3f35c29d594c', 'da1a2634-143a-4028-b821-6459f9cdd6a2', '2025-01-16', '2025-09-13', '2025-09-15', '2025-09-11', NULL, 'RESERVED_CONFIRMED');
INSERT INTO items (id, name, description, short_description, image_url, located, created_at, borrow_count, favorite, owner, library_id, category_id, community_id) VALUES ('9f142b01-07ca-4d6a-8161-4b2688574193', 'Nettoyeur haute pression robuste.', 'Utilise de l''eau à haute pression pour éliminer la saleté et la crasse. Résumé : Nettoie en profondeur avec de l''eau sous pression.', 'Nettoie en profondeur avec de l''eau sous pression.', '/items/Heavy_Duty_Pressure_Washer.jpg', '', '2025-02-24T17:14:33.349868', 7, False, '', 'e21e04ac-58e4-4f82-b693-2c9d480b0a73', 'a61cda29-22b6-4cce-a624-bde6cb3cc767', 'e31ddb44-8596-4723-b52c-9152b27cee54');
INSERT INTO borrow_records (id, item_id, borrowed_by, reservation_date, start_date, end_date, pickup_date, effective_return_date, status) VALUES ('761b57d0-1b23-47c4-bd63-b7329bf9927b', '9f142b01-07ca-4d6a-8161-4b2688574193', '432a6a46-b2a8-42d3-9e8a-b3bc0573db19', '2024-08-04T17:14:33.350051', '2024-08-26T17:14:33.350051', '2024-09-06T17:14:33.350051', '2024-08-26T17:14:33.350051', NULL, 'BORROWED_LATE');
INSERT INTO borrow_records (id, item_id, borrowed_by, reservation_date, start_date, end_date, pickup_date, effective_return_date, status) VALUES ('547746be-7a98-4d2e-92ad-471b349667d0', '9f142b01-07ca-4d6a-8161-4b2688574193', 'bcca1fa5-ef15-4f52-a923-3dccc66a95eb', '2024-07-27T17:14:33.350147', '2024-07-31T17:14:33.350147', '2024-08-14T17:14:33.350147', '2024-07-31T17:14:33.350147', NULL, 'RESERVED_CONFIRMED');
INSERT INTO borrow_records (id, item_id, borrowed_by, reservation_date, start_date, end_date, pickup_date, effective_return_date, status) VALUES ('47441460-cc37-4c33-a2c1-daea0f57c801', '9f142b01-07ca-4d6a-8161-4b2688574193', '6d73f03d-50fc-4b69-8ceb-d7f9791a13ba', '2024-11-11T17:14:33.350208', '2024-11-12T17:14:33.350208', '2024-11-15T17:14:33.350208', '2024-11-12T17:14:33.350208', NULL, 'BORROWED_LATE');
INSERT INTO items (id, name, description, short_description, image_url, located, created_at, borrow_count, favorite, owner, library_id, category_id, community_id) VALUES ('4e763135-10c2-4361-af8c-1fdd4aae4d47', 'Nettoyeur vapeur', 'Utilisez la vapeur pour un nettoyage en profondeur des surfaces domestiques : carreaux de salle de bains, fours, rideaux, planchers en bois... vous l''appelez!  Élimine les taches et les acariens.  Nettoyage des tapis? Nous vous recommandons d''utiliser le Nettoyeur à Vapeur uniquement pour le nettoyage localisé – pour les surfaces plus grandes, utilisez plutôt notre Nettoyeur de Tapis.  Résumé : Nettoyez en profondeur avec la vapeur, éliminez taches et acariens. Pour les tapis, privilégiez le Nettoyeur de', 'Nettoyez en profondeur avec la vapeur, éliminez taches et acariens. Pour les tapis, privilégiez le Nettoyeur de', '/items/Steam_Cleaner.jpg', '', '2025-02-24T17:14:42.655819', 14, True, '', '318e4e5e-6857-4f7e-b518-ef92c8aab734', '9e8f210f-d153-400f-b94e-6c66f9eba700', '02f7e795-5536-478a-8217-ec8e60405d83');
INSERT INTO borrow_records (id, item_id, borrowed_by, reservation_date, start_date, end_date, pickup_date, effective_return_date, status) VALUES ('28459898-2e97-47f5-8189-de3d97f40238', '4e763135-10c2-4361-af8c-1fdd4aae4d47', '432a6a46-b2a8-42d3-9e8a-b3bc0573db19', '2024-09-14T17:14:42.655891', '2024-10-01T17:14:42.655891', '2024-10-02T17:14:42.655891', '2024-10-01T17:14:42.655891', NULL, 'RESERVED_CONFIRMED');
INSERT INTO borrow_records (id, item_id, borrowed_by, reservation_date, start_date, end_date, pickup_date, effective_return_date, status) VALUES ('4fa12e93-e85e-40c6-b1ea-d93099afbd85', '4e763135-10c2-4361-af8c-1fdd4aae4d47', '885df314-dac1-48fe-a33e-e2b792c3e7c7', '2024-06-08T17:14:42.655968', '2024-07-01T17:14:42.655968', '2024-07-02T17:14:42.655968', '2024-07-01T17:14:42.655968', '2024-07-02T17:14:42.655968', 'RETURNED_ON_TIME');
INSERT INTO borrow_records (id, item_id, borrowed_by, reservation_date, start_date, end_date, pickup_date, effective_return_date, status) VALUES ('4c1c2dff-fe50-4020-a708-d6b7b5fddca8', '4e763135-10c2-4361-af8c-1fdd4aae4d47', 'd1cfa2bd-38da-4159-b956-d2d125716257', '2024-12-26T17:14:42.656025', '2025-01-08T17:14:42.656025', '2025-01-15T17:14:42.656025', '2025-01-08T17:14:42.656025', NULL, 'BORROWED_LATE');
INSERT INTO items (id, name, description, short_description, image_url, located, created_at, borrow_count, favorite, owner, library_id, category_id, community_id) VALUES ('c5636f90-e746-41b1-bc32-9cbf27ce47e1', 'Perceuse SDS (filaire)', 'Percez les fixations dans la maçonnerie dure, y compris le béton structurel. Travaillez le burinage léger pour retirer les carreaux, etc.  Résumé : Percez et burinez dans la maçonnerie dure pour retirer les carreaux.', 'Percez et burinez dans la maçonnerie dure pour retirer les carreaux.', '/items/SDS_Drill_(corded).jpg', '', '2025-02-24T17:14:46.559919', 4, False, '', '318e4e5e-6857-4f7e-b518-ef92c8aab734', '0c587804-519d-4de1-a7c7-61b700ecdcf3', '02f7e795-5536-478a-8217-ec8e60405d83');
INSERT INTO borrow_records (id, item_id, borrowed_by, reservation_date, start_date, end_date, pickup_date, effective_return_date, status) VALUES ('8fcdcea0-4027-49de-97b3-1e03e2fcc918', 'c5636f90-e746-41b1-bc32-9cbf27ce47e1', 'bcca1fa5-ef15-4f52-a923-3dccc66a95eb', '2024-07-18T17:14:46.560051', '2024-08-11T17:14:46.560051', '2024-08-13T17:14:46.560051', '2024-08-11T17:14:46.560051', NULL, 'BORROWED_LATE');
INSERT INTO borrow_records (id, item_id, borrowed_by, reservation_date, start_date, end_date, pickup_date, effective_return_date, status) VALUES ('a0080336-17be-4710-802d-d88048b8275a', 'c5636f90-e746-41b1-bc32-9cbf27ce47e1', '885df314-dac1-48fe-a33e-e2b792c3e7c7', '2024-11-26T17:14:46.560165', '2024-12-16T17:14:46.560165', '2024-12-27T17:14:46.560165', '2024-12-16T17:14:46.560165', '2024-12-27T17:14:46.560165', 'RETURNED_ON_TIME');
INSERT INTO borrow_records (id, item_id, borrowed_by, reservation_date, start_date, end_date, pickup_date, effective_return_date, status) VALUES ('1642a63e-f71a-464e-8bfb-ad237199519a', 'c5636f90-e746-41b1-bc32-9cbf27ce47e1', '9c26ac0d-ab26-411b-8238-0f7a130bf967', '2024-11-02T17:14:46.560232', '2024-11-18T17:14:46.560232', '2024-11-22T17:14:46.560232', '2024-11-18T17:14:46.560232', NULL, 'BORROWED_LATE');
INSERT INTO items (id, name, description, short_description, image_url, located, created_at, borrow_count, favorite, owner, library_id, category_id, community_id) VALUES ('053d8f5a-f3f6-4716-aa01-95c542f611c5', 'Taille-haie (sans fil)', 'Élagage de toutes sortes de haies et de buissons de jardin. Résumé : Élagage de haies et buissons de jardin.', 'Élagage de haies et buissons de jardin.', '/items/Hedge_Trimmer_(cordless).jpg', '', '2025-02-24T17:14:50.382114', 11, False, '', '4c8afacc-121e-421c-89d5-e83d9b6315c0', 'f64f267c-1964-4526-8e45-e5dc0193df41', 'a418f7f3-e853-4430-9bf5-c33440fa38cf');
INSERT INTO borrow_records (id, item_id, borrowed_by, reservation_date, start_date, end_date, pickup_date, effective_return_date, status) VALUES ('d344040d-88ec-4d53-8b95-0bd79a48fbf3', '053d8f5a-f3f6-4716-aa01-95c542f611c5', '432a6a46-b2a8-42d3-9e8a-b3bc0573db19', '2024-09-02T17:14:50.382250', '2024-09-15T17:14:50.382250', '2024-09-23T17:14:50.382250', '2024-09-15T17:14:50.382250', '2024-09-23T17:14:50.382250', 'RETURNED_ON_TIME');
INSERT INTO borrow_records (id, item_id, borrowed_by, reservation_date, start_date, end_date, pickup_date, effective_return_date, status) VALUES ('bcfd7287-abf0-4e04-87f5-7d8fa034d0ff', '053d8f5a-f3f6-4716-aa01-95c542f611c5', '9c26ac0d-ab26-411b-8238-0f7a130bf967', '2025-01-11T17:14:50.382381', '2025-02-10T17:14:50.382381', '2025-02-11T17:14:50.382381', '2025-02-10T17:14:50.382381', NULL, 'BORROWED_LATE');
INSERT INTO borrow_records (id, item_id, borrowed_by, reservation_date, start_date, end_date, pickup_date, effective_return_date, status) VALUES ('76a386cb-8058-4802-a6b8-6232326e21b3', '053d8f5a-f3f6-4716-aa01-95c542f611c5', 'cae3e61f-06fe-4469-a15f-f9e2d60a7b6a', '2024-12-07T17:14:50.382452', '2024-12-16T17:14:50.382452', '2024-12-24T17:14:50.382452', '2024-12-16T17:14:50.382452', NULL, 'RESERVED_CONFIRMED');
INSERT INTO borrow_records (id, item_id, borrowed_by, reservation_date, start_date, end_date, pickup_date, effective_return_date, status) VALUES ('f1968a45-26c7-46e8-9b70-e466bd1147fc', '053d8f5a-f3f6-4716-aa01-95c542f611c5', 'fdb9e254-489a-405b-8882-0f35afd0a4a7', '2024-11-06T17:14:50.382519', '2024-11-20T17:14:50.382519', '2024-12-02T17:14:50.382519', '2024-11-20T17:14:50.382519', '2024-12-02T17:14:50.382519', 'RETURNED_ON_TIME');
INSERT INTO items (id, name, description, short_description, image_url, located, created_at, borrow_count, favorite, owner, library_id, category_id, community_id) VALUES ('840bf33a-896b-43ac-9d0f-e734b3014ddf', 'Échelle extensible', 'Plateforme extensible, réglable de 0,8 m à 3 m de hauteur, pour une longueur totale de 3,8 m. Idéale pour travaux intérieurs et extérieurs ! Résumé : Plateforme extensible et ajustable de 0,8 m à 3 m, parfaite pour divers travaux intérieurs et extérieurs.', 'Plateforme extensible et ajustable de 0,8 m à 3 m, parfaite pour divers travaux intérieurs et extérieurs.', '/items/Extendable_Ladder.jpg', '', '2025-02-24T17:14:54.449569', 2, False, '', '4c8afacc-121e-421c-89d5-e83d9b6315c0', 'f64f267c-1964-4526-8e45-e5dc0193df41', 'a418f7f3-e853-4430-9bf5-c33440fa38cf');
INSERT INTO borrow_records (id, item_id, borrowed_by, reservation_date, start_date, end_date, pickup_date, effective_return_date, status) VALUES ('af9734f2-d65b-4ee0-a381-baaaa04d22a1', '840bf33a-896b-43ac-9d0f-e734b3014ddf', '836a0e4d-8bc5-4cdc-b2a0-f98dd04080b5', '2024-12-03T17:14:54.449685', '2025-01-02T17:14:54.449685', '2025-01-15T17:14:54.449685', '2025-01-02T17:14:54.449685', '2025-01-15T17:14:54.449685', 'RETURNED_ON_TIME');
INSERT INTO borrow_records (id, item_id, borrowed_by, reservation_date, start_date, end_date, pickup_date, effective_return_date, status) VALUES ('aa9e7ce3-d85f-470d-9454-2347dd8e9b11', '840bf33a-896b-43ac-9d0f-e734b3014ddf', '9c26ac0d-ab26-411b-8238-0f7a130bf967', '2025-01-13T17:14:54.449826', '2025-02-07T17:14:54.449826', '2025-02-11T17:14:54.449826', '2025-02-07T17:14:54.449826', NULL, 'RESERVED_CONFIRMED');
INSERT INTO borrow_records (id, item_id, borrowed_by, reservation_date, start_date, end_date, pickup_date, effective_return_date, status) VALUES ('69f11f8f-19b8-40e5-a04e-51927b37b87f', '840bf33a-896b-43ac-9d0f-e734b3014ddf', '6d73f03d-50fc-4b69-8ceb-d7f9791a13ba', '2025-01-24T17:14:54.449909', '2025-02-12T17:14:54.449909', '2025-02-23T17:14:54.449909', '2025-02-12T17:14:54.449909', NULL, 'BORROWED_LATE');
INSERT INTO items (id, name, description, short_description, image_url, located, created_at, borrow_count, favorite, owner, library_id, category_id, community_id) VALUES ('fecd1d7f-2bdc-4728-ba41-0ffba3fc0cb2', 'Haut-parleur + système de sonorisation (micro, ampli, enceintes)', 'Amplifiez la musique ou tout autre son provenant de différentes sources comme les téléphones, ordinateurs portables, microphones, instruments de musique, etc. Idéal pour les fêtes, événements, discours, etc. Résumé : Amplificateur de sons pour diverses sources, parfait pour fêtes et événements.', 'Amplificateur de sons pour diverses sources, parfait pour fêtes et événements.', '/items/Speaker_+_PA_System_(mic,_amp,_speakers).jpg', '', '2025-02-24T17:15:12.347628', 3, False, '', 'a27a7cd0-6b5b-489d-aff3-48fec80c2327', 'a61cda29-22b6-4cce-a624-bde6cb3cc767', '36b63ace-d8b4-4ff6-8888-b48283721aab');
INSERT INTO borrow_records (id, item_id, borrowed_by, reservation_date, start_date, end_date, pickup_date, effective_return_date, status) VALUES ('7ab0dc7a-2af6-48c4-bf56-85bc11764736', 'fecd1d7f-2bdc-4728-ba41-0ffba3fc0cb2', '432a6a46-b2a8-42d3-9e8a-b3bc0573db19', '2024-04-01T17:15:12.347787', '2024-04-10T17:15:12.347787', '2024-04-24T17:15:12.347787', '2024-04-10T17:15:12.347787', '2024-04-24T17:15:12.347787', 'RETURNED_ON_TIME');
INSERT INTO items (id, name, description, short_description, image_url, located, created_at, borrow_count, favorite, owner, library_id, category_id, community_id) VALUES ('dd065771-eaf5-4fe7-9268-f87136f4c328', 'Projecteur', 'Affichez des images, des vidéos ou des présentations provenant de n''importe quelle source sur n''importe quelle surface. Résumé : Affichez contenus visuels de toute source sur toute surface.', 'Affichez contenus visuels de toute source sur toute surface.', '/items/Projector.jpg', '', '2025-02-24T17:15:20.969989', 1, False, '', 'a27a7cd0-6b5b-489d-aff3-48fec80c2327', 'a61cda29-22b6-4cce-a624-bde6cb3cc767', '36b63ace-d8b4-4ff6-8888-b48283721aab');
INSERT INTO borrow_records (id, item_id, borrowed_by, reservation_date, start_date, end_date, pickup_date, effective_return_date, status) VALUES ('30f1c96d-fc52-4fb3-8e29-53f8f7d38c6a', 'dd065771-eaf5-4fe7-9268-f87136f4c328', '5d109106-b83a-4539-9989-a0460e9afa6a', '2024-08-07T17:15:33.596371', '2024-08-12T17:15:33.596371', '2024-08-22T17:15:33.596371', '2024-08-12T17:15:33.596371', NULL, 'BORROWED_LATE');
INSERT INTO borrow_records (id, item_id, borrowed_by, reservation_date, start_date, end_date, pickup_date, effective_return_date, status) VALUES ('4a144167-ace0-4db0-a05f-007365947754', 'dd065771-eaf5-4fe7-9268-f87136f4c328', '9c26ac0d-ab26-411b-8238-0f7a130bf967', '2024-05-02T17:15:33.596464', '2024-05-04T17:15:33.596464', '2024-05-07T17:15:33.596464', '2024-05-04T17:15:33.596464', NULL, 'BORROWED_LATE');
INSERT INTO items (id, name, description, short_description, image_url, located, created_at, borrow_count, favorite, owner, library_id, category_id, community_id) VALUES ('bd02d8ba-ad25-4d16-9138-8bd34692dca5', 'Meuleuse d''angle (sans fil)', 'Coupe et lisse le métal.  Résumé : Coupe et lissage du métal.', 'Coupe et lissage du métal.', '/items/Angle_Grinder_(cordless).jpg', '', '2025-02-24T17:15:47.128321', 11, False, '', 'a27a7cd0-6b5b-489d-aff3-48fec80c2327', 'f64f267c-1964-4526-8e45-e5dc0193df41', '36b63ace-d8b4-4ff6-8888-b48283721aab');
INSERT INTO borrow_records (id, item_id, borrowed_by, reservation_date, start_date, end_date, pickup_date, effective_return_date, status) VALUES ('02c51baf-a0c3-43f3-847a-3c6077e8bfca', 'bd02d8ba-ad25-4d16-9138-8bd34692dca5', 'da1a2634-143a-4028-b821-6459f9cdd6a2', '2024-07-21T17:15:47.128401', '2024-07-29T17:15:47.128401', '2024-08-03T17:15:47.128401', '2024-07-29T17:15:47.128401', NULL, 'BORROWED_LATE');
INSERT INTO borrow_records (id, item_id, borrowed_by, reservation_date, start_date, end_date, pickup_date, effective_return_date, status) VALUES ('d4324360-cae6-4072-9c28-77dd08140181', 'bd02d8ba-ad25-4d16-9138-8bd34692dca5', 'cae3e61f-06fe-4469-a15f-f9e2d60a7b6a', '2024-05-26T17:15:47.128482', '2024-06-17T17:15:47.128482', '2024-06-29T17:15:47.128482', '2024-06-17T17:15:47.128482', NULL, 'RESERVED_CONFIRMED');
INSERT INTO borrow_records (id, item_id, borrowed_by, reservation_date, start_date, end_date, pickup_date, effective_return_date, status) VALUES ('c67617ff-8ec8-4a15-998d-089f975628f3', 'bd02d8ba-ad25-4d16-9138-8bd34692dca5', 'd195fc96-b352-426e-b9db-e5296acec408', '2024-07-10T17:15:47.128533', '2024-08-06T17:15:47.128533', '2024-08-09T17:15:47.128533', '2024-08-06T17:15:47.128533', NULL, 'RESERVED_CONFIRMED');
INSERT INTO items (id, name, description, short_description, image_url, located, created_at, borrow_count, favorite, owner, library_id, category_id, community_id) VALUES ('451f8b4e-bb4b-47c5-a731-50401366e562', 'Scie alternative (sans fil)', 'Imite une scie à main, économisant temps et énergie, pour couper dans des espaces restreints, à des angles inusuels, ou à travers des matériaux contenant des clous ou des broches. Idéale pour coupes grossières, élagage, et travaux de démolition, réalisant coupes droites, courbes, affleurantes et même en plongée.  Résumé : Scie électrique polyvalente pour coupes précises et variées, idéale pour travaux de démolition et élagage.', 'Scie électrique polyvalente pour coupes précises et variées, idéale pour travaux de démolition et élagage.', '/items/Reciprocating_Saw_(cordless).jpg', '', '2025-02-24T17:16:09.681284', 5, False, '', '4c8afacc-121e-421c-89d5-e83d9b6315c0', 'ae7e4c23-8de0-41ac-9bad-1e273b382055', 'a418f7f3-e853-4430-9bf5-c33440fa38cf');
INSERT INTO borrow_records (id, item_id, borrowed_by, reservation_date, start_date, end_date, pickup_date, effective_return_date, status) VALUES ('19f85d79-d188-4a61-a182-c0d01fee2a29', '451f8b4e-bb4b-47c5-a731-50401366e562', 'da1a2634-143a-4028-b821-6459f9cdd6a2', '2024-12-24T17:16:09.681430', '2025-01-20T17:16:09.681430', '2025-01-28T17:16:09.681430', '2025-01-20T17:16:09.681430', NULL, 'BORROWED_LATE');
INSERT INTO borrow_records (id, item_id, borrowed_by, reservation_date, start_date, end_date, pickup_date, effective_return_date, status) VALUES ('8f91027e-d2c7-4dbd-b3cf-7cc9090afed9', '451f8b4e-bb4b-47c5-a731-50401366e562', 'fdb9e254-489a-405b-8882-0f35afd0a4a7', '2024-10-16T17:16:09.681553', '2024-11-03T17:16:09.681553', '2024-11-09T17:16:09.681553', '2024-11-03T17:16:09.681553', NULL, 'RESERVED_CONFIRMED');
INSERT INTO borrow_records (id, item_id, borrowed_by, reservation_date, start_date, end_date, pickup_date, effective_return_date, status) VALUES ('5cd9be21-85f4-43fa-a376-50dbf15769d1', '451f8b4e-bb4b-47c5-a731-50401366e562', '6d73f03d-50fc-4b69-8ceb-d7f9791a13ba', '2024-02-05T17:16:09.681630', '2024-02-29T17:16:09.681630', '2024-03-03T17:16:09.681630', '2024-02-29T17:16:09.681630', '2024-03-03T17:16:09.681630', 'RETURNED_ON_TIME');
INSERT INTO borrow_records (id, item_id, borrowed_by, reservation_date, start_date, end_date, pickup_date, effective_return_date, status) VALUES ('81099267-400f-41dd-ac3e-3a9fb0e84959', '451f8b4e-bb4b-47c5-a731-50401366e562', 'd1cfa2bd-38da-4159-b956-d2d125716257', '2024-09-26T17:16:09.681707', '2024-10-26T17:16:09.681707', '2024-10-31T17:16:09.681707', '2024-10-26T17:16:09.681707', '2024-10-31T17:16:09.681707', 'RETURNED_ON_TIME');
INSERT INTO borrow_records (id, item_id, borrowed_by, reservation_date, start_date, end_date, pickup_date, effective_return_date, status) VALUES ('a8678785-f218-4688-9dea-4a1dc5f62ff0', '451f8b4e-bb4b-47c5-a731-50401366e562', 'd34ce04c-9a79-4d4d-a533-88d4266c3c3b', '2025-01-11T17:16:09.681786', '2025-02-07T17:16:09.681786', '2025-02-14T17:16:09.681786', '2025-02-07T17:16:09.681786', '2025-02-14T17:16:09.681786', 'RETURNED_ON_TIME');
INSERT INTO items (id, name, description, short_description, image_url, located, created_at, borrow_count, favorite, owner, library_id, category_id, community_id) VALUES ('092eafe6-d090-4aac-bad7-a123a16686bf', 'Machine à coudre', 'Coudre une variété de points sur différents types de tissus, du léger au moyen. Résumé : Coudre divers points sur différents tissus.', 'Coudre divers points sur différents tissus.', '/items/Sewing_Machine.jpg', '', '2025-02-24T17:16:13.047267', 16, False, '', '318e4e5e-6857-4f7e-b518-ef92c8aab734', '9e8f210f-d153-400f-b94e-6c66f9eba700', '02f7e795-5536-478a-8217-ec8e60405d83');
INSERT INTO borrow_records (id, item_id, borrowed_by, reservation_date, start_date, end_date, pickup_date, effective_return_date, status) VALUES ('0486aa6f-a07e-4781-8ee7-78e37ae87cd6', '092eafe6-d090-4aac-bad7-a123a16686bf', 'fdb9e254-489a-405b-8882-0f35afd0a4a7', '2025-01-23T17:16:13.047389', '2025-01-28T17:16:13.047389', '2025-02-02T17:16:13.047389', '2025-01-28T17:16:13.047389', '2025-02-02T17:16:13.047389', 'RETURNED_ON_TIME');
INSERT INTO borrow_records (id, item_id, borrowed_by, reservation_date, start_date, end_date, pickup_date, effective_return_date, status) VALUES ('304df3d6-d738-4275-bdce-b676e48f0fb0', '092eafe6-d090-4aac-bad7-a123a16686bf', 'cae3e61f-06fe-4469-a15f-f9e2d60a7b6a', '2024-07-13T17:16:13.047549', '2024-07-21T17:16:13.047549', '2024-07-24T17:16:13.047549', '2024-07-21T17:16:13.047549', '2024-07-24T17:16:13.047549', 'RETURNED_ON_TIME');
INSERT INTO borrow_records (id, item_id, borrowed_by, reservation_date, start_date, end_date, pickup_date, effective_return_date, status) VALUES ('9620e7fe-0f42-41f9-9fe7-e85064eab072', '092eafe6-d090-4aac-bad7-a123a16686bf', '60249cc9-5823-4a7c-88d7-4c67748dbb53', '2025-01-28T17:16:13.047667', '2025-02-13T17:16:13.047667', '2025-02-26T17:16:13.047667', '2025-02-13T17:16:13.047667', NULL, 'BORROWED_LATE');
INSERT INTO items (id, name, description, short_description, image_url, located, created_at, borrow_count, favorite, owner, library_id, category_id, community_id) VALUES ('4a0066e4-a0f6-4eaa-b2ee-e422b7cf1034', 'Cisailles de jardin.', 'Élagage de haies et d''arbustes, parfait pour tailler, couper les haies ou délimiter une pelouse. Résumé : Service d''élagage de haies et d''arbustes pour une taille précise et une délimitation parfaite.', 'Service d''élagage de haies et d''arbustes pour une taille précise et une délimitation parfaite.', '/items/Garden_Shears.jpg', '', '2025-02-24T17:16:26.982876', 14, False, '', 'e21e04ac-58e4-4f82-b693-2c9d480b0a73', 'ae7e4c23-8de0-41ac-9bad-1e273b382055', 'e31ddb44-8596-4723-b52c-9152b27cee54');
INSERT INTO borrow_records (id, item_id, borrowed_by, reservation_date, start_date, end_date, pickup_date, effective_return_date, status) VALUES ('7006b466-6e85-4a23-a326-5e2d67e6f071', '4a0066e4-a0f6-4eaa-b2ee-e422b7cf1034', 'da1a2634-143a-4028-b821-6459f9cdd6a2', '2024-09-16T17:16:26.982975', '2024-10-15T17:16:26.982975', '2024-10-28T17:16:26.982975', '2024-10-15T17:16:26.982975', '2024-10-28T17:16:26.982975', 'RETURNED_ON_TIME');
INSERT INTO borrow_records (id, item_id, borrowed_by, reservation_date, start_date, end_date, pickup_date, effective_return_date, status) VALUES ('a628a77c-2503-4024-aecc-4a30e5ef197f', '4a0066e4-a0f6-4eaa-b2ee-e422b7cf1034', '836a0e4d-8bc5-4cdc-b2a0-f98dd04080b5', '2024-08-22T17:16:26.983067', '2024-08-26T17:16:26.983067', '2024-09-09T17:16:26.983067', '2024-08-26T17:16:26.983067', NULL, 'BORROWED_LATE');
INSERT INTO borrow_records (id, item_id, borrowed_by, reservation_date, start_date, end_date, pickup_date, effective_return_date, status) VALUES ('b573e729-984f-4722-918a-045af9f307e7', '4a0066e4-a0f6-4eaa-b2ee-e422b7cf1034', '885df314-dac1-48fe-a33e-e2b792c3e7c7', '2024-04-30T17:16:26.983118', '2024-05-30T17:16:26.983118', '2024-06-01T17:16:26.983118', '2024-05-30T17:16:26.983118', NULL, 'BORROWED_LATE');
INSERT INTO borrow_records (id, item_id, borrowed_by, reservation_date, start_date, end_date, pickup_date, effective_return_date, status) VALUES ('a70a8d78-c189-4f0f-b2b2-8077fbe5a6b5', '4a0066e4-a0f6-4eaa-b2ee-e422b7cf1034', '9c26ac0d-ab26-411b-8238-0f7a130bf967', '2024-11-27T17:16:26.983166', '2024-11-30T17:16:26.983166', '2024-12-07T17:16:26.983166', '2024-11-30T17:16:26.983166', NULL, 'RESERVED_CONFIRMED');
INSERT INTO items (id, name, description, short_description, image_url, located, created_at, borrow_count, favorite, owner, library_id, category_id, community_id) VALUES ('e44b71d9-2fc2-4eb2-8303-7bad67030062', 'ébrancheurs.', 'Taillez les brindilles et les petites branches.  Résumé : Taillez les petites branches et brindilles.', 'Taillez les petites branches et brindilles.', '/items/Loppers.jpg', '', '2025-02-24T17:16:31.636034', 1, False, '', 'e21e04ac-58e4-4f82-b693-2c9d480b0a73', 'a61cda29-22b6-4cce-a624-bde6cb3cc767', 'e31ddb44-8596-4723-b52c-9152b27cee54');
INSERT INTO borrow_records (id, item_id, borrowed_by, reservation_date, start_date, end_date, pickup_date, effective_return_date, status) VALUES ('8d59c8d7-919e-4f96-8d93-033744954905', 'e44b71d9-2fc2-4eb2-8303-7bad67030062', 'fdb9e254-489a-405b-8882-0f35afd0a4a7', '2024-02-25T17:16:31.636083', '2024-03-04T17:16:31.636083', '2024-03-08T17:16:31.636083', '2024-03-04T17:16:31.636083', '2024-03-08T17:16:31.636083', 'RETURNED_ON_TIME');
INSERT INTO borrow_records (id, item_id, borrowed_by, reservation_date, start_date, end_date, pickup_date, effective_return_date, status) VALUES ('3763df20-6587-47f7-a022-d2acbbecf974', 'e44b71d9-2fc2-4eb2-8303-7bad67030062', 'cae3e61f-06fe-4469-a15f-f9e2d60a7b6a', '2024-06-01T17:16:31.636127', '2024-06-29T17:16:31.636127', '2024-07-08T17:16:31.636127', '2024-06-29T17:16:31.636127', NULL, 'BORROWED_LATE');
INSERT INTO borrow_records (id, item_id, borrowed_by, reservation_date, start_date, end_date, pickup_date, effective_return_date, status) VALUES ('70d8d011-654c-45d2-b15a-435a4ef310fe', 'e44b71d9-2fc2-4eb2-8303-7bad67030062', 'cae3e61f-06fe-4469-a15f-f9e2d60a7b6a', '2024-06-23T17:16:31.636154', '2024-06-25T17:16:31.636154', '2024-06-29T17:16:31.636154', '2024-06-25T17:16:31.636154', '2024-06-29T17:16:31.636154', 'RETURNED_ON_TIME');
INSERT INTO borrow_records (id, item_id, borrowed_by, reservation_date, start_date, end_date, pickup_date, effective_return_date, status) VALUES ('ad1d957a-2f6a-487d-a788-31e538123b61', 'e44b71d9-2fc2-4eb2-8303-7bad67030062', 'd195fc96-b352-426e-b9db-e5296acec408', '2024-10-06T17:16:31.636180', '2024-10-17T17:16:31.636180', '2024-10-22T17:16:31.636180', '2024-10-17T17:16:31.636180', NULL, 'RESERVED_CONFIRMED');
INSERT INTO borrow_records (id, item_id, borrowed_by, reservation_date, start_date, end_date, pickup_date, effective_return_date, status) VALUES ('fa0c4aa4-985e-47c7-8205-01b268eac939', 'e44b71d9-2fc2-4eb2-8303-7bad67030062', 'da1a2634-143a-4028-b821-6459f9cdd6a2', '2024-05-01T17:16:31.636205', '2024-05-05T17:16:31.636205', '2024-05-10T17:16:31.636205', '2024-05-05T17:16:31.636205', NULL, 'BORROWED_LATE');
INSERT INTO items (id, name, description, short_description, image_url, located, created_at, borrow_count, favorite, owner, library_id, category_id, community_id) VALUES ('e7ae3a7f-cf9d-4a00-ae26-7765bcde3b20', 'Détecteur multiple".', 'Vous permet de savoir où percer et où ne pas percer sur une surface en détectant les câbles sous tension, les métaux ferreux et non ferreux, ainsi que le bois. Cela est indiqué par un système de feux tricolores, un afficheur de centrage numérique et des signaux sonores d''avertissement.  Résumé : Détecteur de câbles, métaux et bois avec indications visuelles et sonores pour éviter les erreurs de perçage.', 'Détecteur de câbles, métaux et bois avec indications visuelles et sonores pour éviter les erreurs de perçage.', '/items/Multi_Detector.jpg', '', '2025-02-24T17:16:37.421177', 7, False, '', 'a27a7cd0-6b5b-489d-aff3-48fec80c2327', 'f64f267c-1964-4526-8e45-e5dc0193df41', '36b63ace-d8b4-4ff6-8888-b48283721aab');
INSERT INTO borrow_records (id, item_id, borrowed_by, reservation_date, start_date, end_date, pickup_date, effective_return_date, status) VALUES ('2f5d6f0d-d6b5-47fb-a0bf-db150af72467', 'e7ae3a7f-cf9d-4a00-ae26-7765bcde3b20', '60249cc9-5823-4a7c-88d7-4c67748dbb53', '2024-12-06T17:16:37.421343', '2024-12-08T17:16:37.421343', '2024-12-11T17:16:37.421343', '2024-12-08T17:16:37.421343', NULL, 'RESERVED_CONFIRMED');
INSERT INTO borrow_records (id, item_id, borrowed_by, reservation_date, start_date, end_date, pickup_date, effective_return_date, status) VALUES ('91158672-1f5a-4b3f-957a-d38def8cc59d', 'e7ae3a7f-cf9d-4a00-ae26-7765bcde3b20', 'fdb9e254-489a-405b-8882-0f35afd0a4a7', '2024-11-23T17:16:37.421466', '2024-12-18T17:16:37.421466', '2024-12-23T17:16:37.421466', '2024-12-18T17:16:37.421466', NULL, 'BORROWED_LATE');
INSERT INTO borrow_records (id, item_id, borrowed_by, reservation_date, start_date, end_date, pickup_date, effective_return_date, status) VALUES ('f14e1b26-0778-4ae2-9fdd-f9d36a8fdc00', 'e7ae3a7f-cf9d-4a00-ae26-7765bcde3b20', 'bcca1fa5-ef15-4f52-a923-3dccc66a95eb', '2024-03-01T17:16:37.421550', '2024-03-03T17:16:37.421550', '2024-03-12T17:16:37.421550', '2024-03-03T17:16:37.421550', '2024-03-12T17:16:37.421550', 'RETURNED_ON_TIME');
INSERT INTO borrow_records (id, item_id, borrowed_by, reservation_date, start_date, end_date, pickup_date, effective_return_date, status) VALUES ('81089305-7b84-46ed-8487-7753aaf349ef', 'e7ae3a7f-cf9d-4a00-ae26-7765bcde3b20', '6d73f03d-50fc-4b69-8ceb-d7f9791a13ba', '2024-06-26T17:16:37.421629', '2024-07-20T17:16:37.421629', '2024-07-25T17:16:37.421629', '2024-07-20T17:16:37.421629', NULL, 'RESERVED_CONFIRMED');
INSERT INTO borrow_records (id, item_id, borrowed_by, reservation_date, start_date, end_date, pickup_date, effective_return_date, status) VALUES ('aec5329e-528e-477b-8f1c-3acafd63bc6d', 'e7ae3a7f-cf9d-4a00-ae26-7765bcde3b20', 'da1a2634-143a-4028-b821-6459f9cdd6a2', '2025-01-14T17:16:37.421712', '2025-01-19T17:16:37.421712', '2025-01-27T17:16:37.421712', '2025-01-19T17:16:37.421712', '2025-01-27T17:16:37.421712', 'RETURNED_ON_TIME');
INSERT INTO items (id, name, description, short_description, image_url, located, created_at, borrow_count, favorite, owner, library_id, category_id, community_id) VALUES ('e455788e-512e-4af0-8589-625d4613785d', 'Trousse de bricolage', 'Trousse à outils de base pour le bricolage et les réparations simples à la maison. Résumé : Trousse à outils pour bricolage et réparations à la maison.', 'Trousse à outils pour bricolage et réparations à la maison.', '/items/DIY_Toolkit.jpg', '', '2025-02-24T17:16:46.126251', 15, True, '', NULL, '0c587804-519d-4de1-a7c7-61b700ecdcf3', NULL);
INSERT INTO borrow_records (id, item_id, borrowed_by, reservation_date, start_date, end_date, pickup_date, effective_return_date, status) VALUES ('4d303427-b678-4c99-ad31-d8f39cdca568', 'e455788e-512e-4af0-8589-625d4613785d', '6d73f03d-50fc-4b69-8ceb-d7f9791a13ba', '2024-11-15T17:16:46.126342', '2024-11-27T17:16:46.126342', '2024-12-03T17:16:46.126342', '2024-11-27T17:16:46.126342', '2024-12-03T17:16:46.126342', 'RETURNED_ON_TIME');
INSERT INTO borrow_records (id, item_id, borrowed_by, reservation_date, start_date, end_date, pickup_date, effective_return_date, status) VALUES ('949d32da-87e8-4737-b48b-cd25b789b11c', 'e455788e-512e-4af0-8589-625d4613785d', '836a0e4d-8bc5-4cdc-b2a0-f98dd04080b5', '2024-04-25T17:16:46.126437', '2024-05-12T17:16:46.126437', '2024-05-21T17:16:46.126437', '2024-05-12T17:16:46.126437', NULL, 'RESERVED_CONFIRMED');
INSERT INTO borrow_records (id, item_id, borrowed_by, reservation_date, start_date, end_date, pickup_date, effective_return_date, status) VALUES ('96e073ac-3965-456a-9df4-cfeba035f7c6', 'e455788e-512e-4af0-8589-625d4613785d', '60249cc9-5823-4a7c-88d7-4c67748dbb53', '2024-05-30T17:16:46.126498', '2024-06-18T17:16:46.126498', '2024-07-02T17:16:46.126498', '2024-06-18T17:16:46.126498', NULL, 'BORROWED_LATE');
INSERT INTO borrow_records (id, item_id, borrowed_by, reservation_date, start_date, end_date, pickup_date, effective_return_date, status) VALUES ('b9a186a8-422f-4c3b-be20-66772de8bf26', 'e455788e-512e-4af0-8589-625d4613785d', 'cae3e61f-06fe-4469-a15f-f9e2d60a7b6a', '2024-08-11T17:16:46.126559', '2024-08-21T17:16:46.126559', '2024-08-28T17:16:46.126559', '2024-08-21T17:16:46.126559', NULL, 'BORROWED_LATE');
INSERT INTO borrow_records (id, item_id, borrowed_by, reservation_date, start_date, end_date, pickup_date, effective_return_date, status) VALUES ('2ebe50f7-c2fa-497d-9608-9c574e71da75', 'e455788e-512e-4af0-8589-625d4613785d', 'd34ce04c-9a79-4d4d-a533-88d4266c3c3b', '2024-03-21T17:16:46.126619', '2024-03-26T17:16:46.126619', '2024-04-02T17:16:46.126619', '2024-03-26T17:16:46.126619', NULL, 'RESERVED_CONFIRMED');
INSERT INTO items (id, name, description, short_description, image_url, located, created_at, borrow_count, favorite, owner, library_id, category_id, community_id) VALUES ('af396f6c-2fe5-40ba-ba52-cbf32d999301', 'Diable pliant', 'Cadre en acier facilement convertible à 2 ou 4 roues pour transporter des articles surdimensionnés à la maison ou au bureau. Effectue tout le travail de levage pour déplacer des cartons ou des marchandises lourdes.  Résumé : Cadre en acier convertible à 2 ou 4 roues pour transporter des objets lourds sans effort.', 'Cadre en acier convertible à 2 ou 4 roues pour transporter des objets lourds sans effort.', '/items/Sack_Truck_(folding).jpg', '', '2025-02-24T17:17:01.966047', 1, True, '', '318e4e5e-6857-4f7e-b518-ef92c8aab734', 'ae7e4c23-8de0-41ac-9bad-1e273b382055', '02f7e795-5536-478a-8217-ec8e60405d83');
INSERT INTO borrow_records (id, item_id, borrowed_by, reservation_date, start_date, end_date, pickup_date, effective_return_date, status) VALUES ('fa0dca24-995b-480c-ab31-485f94bac245', 'af396f6c-2fe5-40ba-ba52-cbf32d999301', 'cae3e61f-06fe-4469-a15f-f9e2d60a7b6a', '2024-08-19T17:17:01.966165', '2024-09-16T17:17:01.966165', '2024-09-17T17:17:01.966165', '2024-09-16T17:17:01.966165', NULL, 'RESERVED_CONFIRMED');
INSERT INTO borrow_records (id, item_id, borrowed_by, reservation_date, start_date, end_date, pickup_date, effective_return_date, status) VALUES ('12240314-cf4b-4b98-be24-4758ebe09a8a', 'af396f6c-2fe5-40ba-ba52-cbf32d999301', 'fdb9e254-489a-405b-8882-0f35afd0a4a7', '2024-04-19T17:17:01.966282', '2024-05-06T17:17:01.966282', '2024-05-17T17:17:01.966282', '2024-05-06T17:17:01.966282', '2024-05-17T17:17:01.966282', 'RETURNED_ON_TIME');
INSERT INTO borrow_records (id, item_id, borrowed_by, reservation_date, start_date, end_date, pickup_date, effective_return_date, status) VALUES ('1ac3df0e-f549-4aa1-a629-0a9a508192ea', 'af396f6c-2fe5-40ba-ba52-cbf32d999301', 'da1a2634-143a-4028-b821-6459f9cdd6a2', '2024-05-24T17:17:01.966354', '2024-06-03T17:17:01.966354', '2024-06-14T17:17:01.966354', '2024-06-03T17:17:01.966354', NULL, 'BORROWED_LATE');
INSERT INTO items (id, name, description, short_description, image_url, located, created_at, borrow_count, favorite, owner, library_id, category_id, community_id) VALUES ('549d535e-bf3e-451a-b87b-da989260bb50', 'Humidimètre."', 'Mesure la teneur en humidité dans le bois et la maçonnerie, utile pour détecter les fuites d''eau cachées et identifier les problèmes d''humidité ou de condensation. Résumé : Mesure l''humidité dans le bois et la maçonnerie pour détecter les fuites d''eau et les problèmes d''humidité.', 'Mesure l''humidité dans le bois et la maçonnerie pour détecter les fuites d''eau et les problèmes d''humidité.', '/items/Moisture_Meter.jpg', '', '2025-02-24T17:17:08.370082', 18, False, '', '318e4e5e-6857-4f7e-b518-ef92c8aab734', 'ae7e4c23-8de0-41ac-9bad-1e273b382055', '02f7e795-5536-478a-8217-ec8e60405d83');
INSERT INTO borrow_records (id, item_id, borrowed_by, reservation_date, start_date, end_date, pickup_date, effective_return_date, status) VALUES ('ba523c76-d429-4fb9-8b53-5c106083b2b4', '549d535e-bf3e-451a-b87b-da989260bb50', '60249cc9-5823-4a7c-88d7-4c67748dbb53', '2024-03-29T17:17:08.370248', '2024-04-24T17:17:08.370248', '2024-04-27T17:17:08.370248', '2024-04-24T17:17:08.370248', NULL, 'RESERVED_CONFIRMED');
INSERT INTO items (id, name, description, short_description, image_url, located, created_at, borrow_count, favorite, owner, library_id, category_id, community_id) VALUES ('3349906f-ac4a-47be-bb4d-86fd6ad7bec9', 'Caméra thermique', 'Il vous aide à visualiser les zones chaudes et froides qui peuvent indiquer des pannes électriques, des pannes mécaniques, ou des fuites d''air et d''eau.  Résumé : Visualisez les zones chaudes et froides pour détecter les pannes électriques, mécaniques et les fuites.', 'Visualisez les zones chaudes et froides pour détecter les pannes électriques, mécaniques et les fuites.', '/items/Thermal_Imaging_Camera.jpg', '', '2025-02-24T17:17:16.715963', 17, False, '', 'e21e04ac-58e4-4f82-b693-2c9d480b0a73', '9e8f210f-d153-400f-b94e-6c66f9eba700', 'e31ddb44-8596-4723-b52c-9152b27cee54');
INSERT INTO borrow_records (id, item_id, borrowed_by, reservation_date, start_date, end_date, pickup_date, effective_return_date, status) VALUES ('1cff6604-abd3-4953-b34d-726d6db94a65', '3349906f-ac4a-47be-bb4d-86fd6ad7bec9', '6d73f03d-50fc-4b69-8ceb-d7f9791a13ba', '2024-09-19T17:17:16.716045', '2024-09-29T17:17:16.716045', '2024-10-11T17:17:16.716045', '2024-09-29T17:17:16.716045', NULL, 'BORROWED_LATE');
INSERT INTO borrow_records (id, item_id, borrowed_by, reservation_date, start_date, end_date, pickup_date, effective_return_date, status) VALUES ('3b0402dc-cae1-4f64-afa1-dd8edb5f6630', '3349906f-ac4a-47be-bb4d-86fd6ad7bec9', '836a0e4d-8bc5-4cdc-b2a0-f98dd04080b5', '2024-07-27T17:17:16.716196', '2024-08-04T17:17:16.716196', '2024-08-13T17:17:16.716196', '2024-08-04T17:17:16.716196', NULL, 'RESERVED_CONFIRMED');
INSERT INTO borrow_records (id, item_id, borrowed_by, reservation_date, start_date, end_date, pickup_date, effective_return_date, status) VALUES ('a856ea34-fbb8-4ab4-925f-15b6899aeb7e', '3349906f-ac4a-47be-bb4d-86fd6ad7bec9', '5d109106-b83a-4539-9989-a0460e9afa6a', '2024-07-14T17:17:16.716252', '2024-07-22T17:17:16.716252', '2024-07-24T17:17:16.716252', '2024-07-22T17:17:16.716252', '2024-07-24T17:17:16.716252', 'RETURNED_ON_TIME');
INSERT INTO borrow_records (id, item_id, borrowed_by, reservation_date, start_date, end_date, pickup_date, effective_return_date, status) VALUES ('9559deb1-011c-4551-81f8-48bd52904d9c', '3349906f-ac4a-47be-bb4d-86fd6ad7bec9', '60249cc9-5823-4a7c-88d7-4c67748dbb53', '2024-12-13T17:17:16.716310', '2024-12-17T17:17:16.716310', '2024-12-23T17:17:16.716310', '2024-12-17T17:17:16.716310', NULL, 'BORROWED_LATE');
INSERT INTO items (id, name, description, short_description, image_url, located, created_at, borrow_count, favorite, owner, library_id, category_id, community_id) VALUES ('0c9bfb8c-b3a5-421f-86f9-6d94ba5b3e4b', 'Sécateur', 'Utilisation pour l''élagage des arbres, des buissons et la coupe des fleurs fanées.  Résumé : Outil pour tailler arbres, buissons et fleurs fanées.', 'Outil pour tailler arbres, buissons et fleurs fanées.', '/items/Secateurs.jpg', '', '2025-02-24T17:17:19.958876', 6, False, '', '318e4e5e-6857-4f7e-b518-ef92c8aab734', 'ae7e4c23-8de0-41ac-9bad-1e273b382055', '02f7e795-5536-478a-8217-ec8e60405d83');
INSERT INTO borrow_records (id, item_id, borrowed_by, reservation_date, start_date, end_date, pickup_date, effective_return_date, status) VALUES ('432c12b0-a12d-482e-bb24-381b61eacba9', '0c9bfb8c-b3a5-421f-86f9-6d94ba5b3e4b', 'cae3e61f-06fe-4469-a15f-f9e2d60a7b6a', '2024-08-22T17:17:19.958917', '2024-09-05T17:17:19.958917', '2024-09-09T17:17:19.958917', '2024-09-05T17:17:19.958917', NULL, 'RESERVED_CONFIRMED');
INSERT INTO borrow_records (id, item_id, borrowed_by, reservation_date, start_date, end_date, pickup_date, effective_return_date, status) VALUES ('cd8eb4df-68cf-4384-a043-f27dc2e03f6a', '0c9bfb8c-b3a5-421f-86f9-6d94ba5b3e4b', 'd1cfa2bd-38da-4159-b956-d2d125716257', '2024-07-20T17:17:19.958958', '2024-07-28T17:17:19.958958', '2024-08-09T17:17:19.958958', '2024-07-28T17:17:19.958958', '2024-08-09T17:17:19.958958', 'RETURNED_ON_TIME');
INSERT INTO items (id, name, description, short_description, image_url, located, created_at, borrow_count, favorite, owner, library_id, category_id, community_id) VALUES ('c35283d9-38c4-4381-b1f5-27f754a2749f', 'Multi-outil', 'L''outil parfait pour accéder aux endroits difficiles. Les Multi Cutters ont une lame oscillante pour des coupes précises.   Résumé : Outil parfait pour accéder aux endroits difficiles avec une lame oscillante pour des coupes précises.', 'Outil parfait pour accéder aux endroits difficiles avec une lame oscillante pour des coupes précises.', '/items/Multi-Cutter.jpg', '', '2025-02-24T17:17:29.323949', 9, False, '', NULL, 'f64f267c-1964-4526-8e45-e5dc0193df41', NULL);
INSERT INTO borrow_records (id, item_id, borrowed_by, reservation_date, start_date, end_date, pickup_date, effective_return_date, status) VALUES ('f22622ac-dec8-495b-96e1-1e3620694d19', 'c35283d9-38c4-4381-b1f5-27f754a2749f', 'd195fc96-b352-426e-b9db-e5296acec408', '2024-09-12T17:17:29.324081', '2024-09-30T17:17:29.324081', '2024-10-11T17:17:29.324081', '2024-09-30T17:17:29.324081', NULL, 'RESERVED_CONFIRMED');
INSERT INTO borrow_records (id, item_id, borrowed_by, reservation_date, start_date, end_date, pickup_date, effective_return_date, status) VALUES ('67b9ecd8-63ca-4a87-aef4-b4f19ba13e75', 'c35283d9-38c4-4381-b1f5-27f754a2749f', 'd34ce04c-9a79-4d4d-a533-88d4266c3c3b', '2024-06-20T17:17:29.324192', '2024-07-20T17:17:29.324192', '2024-08-02T17:17:29.324192', '2024-07-20T17:17:29.324192', NULL, 'RESERVED_CONFIRMED');
INSERT INTO borrow_records (id, item_id, borrowed_by, reservation_date, start_date, end_date, pickup_date, effective_return_date, status) VALUES ('e62df8c7-14cd-433f-b523-9641691b4ecd', 'c35283d9-38c4-4381-b1f5-27f754a2749f', 'd195fc96-b352-426e-b9db-e5296acec408', '2024-11-18T17:17:29.324265', '2024-12-06T17:17:29.324265', '2024-12-11T17:17:29.324265', '2024-12-06T17:17:29.324265', NULL, 'BORROWED_LATE');
INSERT INTO borrow_records (id, item_id, borrowed_by, reservation_date, start_date, end_date, pickup_date, effective_return_date, status) VALUES ('f4e42580-1cde-4b27-b3ca-97f616979c12', 'c35283d9-38c4-4381-b1f5-27f754a2749f', 'da1a2634-143a-4028-b821-6459f9cdd6a2', '2024-02-19T17:17:29.324332', '2024-03-20T17:17:29.324332', '2024-03-22T17:17:29.324332', '2024-03-20T17:17:29.324332', NULL, 'RESERVED_CONFIRMED');
INSERT INTO borrow_records (id, item_id, borrowed_by, reservation_date, start_date, end_date, pickup_date, effective_return_date, status) VALUES ('c8afce1c-d090-47f7-b16b-b4de461709ee', 'c35283d9-38c4-4381-b1f5-27f754a2749f', 'fdb9e254-489a-405b-8882-0f35afd0a4a7', '2024-08-23T17:17:29.324402', '2024-09-08T17:17:29.324402', '2024-09-12T17:17:29.324402', '2024-09-08T17:17:29.324402', '2024-09-12T17:17:29.324402', 'RETURNED_ON_TIME');
INSERT INTO items (id, name, description, short_description, image_url, located, created_at, borrow_count, favorite, owner, library_id, category_id, community_id) VALUES ('68702c4c-ab6d-4033-83ea-29f56bf36364', 'Chariot (pliable)', 'Facilite le transport d''objets d''un point A à un point B, que ce soit pour sortir vos outils de jardin, porter vos courses ou transporter des articles lors d''événements.  Résumé : Facilite le transport d''objets pour toutes occasions.', 'Facilite le transport d''objets pour toutes occasions.', '/items/Trolley_(folding).jpg', '', '2025-02-24T17:17:35.353659', 11, False, '', '411c6d81-4c32-4212-8103-e4beaf252e3a', 'f64f267c-1964-4526-8e45-e5dc0193df41', 'a8b2225c-0766-406c-94b0-9fda21e05218');
INSERT INTO borrow_records (id, item_id, borrowed_by, reservation_date, start_date, end_date, pickup_date, effective_return_date, status) VALUES ('ab154cf7-930f-4d9b-9b81-bc9fdafbfa82', '68702c4c-ab6d-4033-83ea-29f56bf36364', '5d109106-b83a-4539-9989-a0460e9afa6a', '2024-07-21T17:17:35.353842', '2024-08-15T17:17:35.353842', '2024-08-21T17:17:35.353842', '2024-08-15T17:17:35.353842', NULL, 'BORROWED_LATE');
INSERT INTO items (id, name, description, short_description, image_url, located, created_at, borrow_count, favorite, owner, library_id, category_id, community_id) VALUES ('cf6115ae-3bfc-4006-8214-e195fb3c2fbb', 'déchiqueteuse
', 'Tant nos destructeurs de documents Fellowes que ceux de Bonsaii déchiquettent au moins 8 feuilles de format A4 à la fois et permettent de se débarrasser des documents confidentiels en toute sécurité !  Résumé : Destructeurs de documents Fellowes et Bonsaii déchiquettent 8 feuilles A4 à la fois pour une destruction sécurisée des documents confidentiels.', 'Destructeurs de documents Fellowes et Bonsaii déchiquettent 8 feuilles A4 à la fois pour une destruction sécurisée des documents confidentiels.', '/items/Shredder.jpg', '', '2025-02-24T17:17:46.927745', 13, True, '', '4c8afacc-121e-421c-89d5-e83d9b6315c0', 'ae7e4c23-8de0-41ac-9bad-1e273b382055', 'a418f7f3-e853-4430-9bf5-c33440fa38cf');
INSERT INTO borrow_records (id, item_id, borrowed_by, reservation_date, start_date, end_date, pickup_date, effective_return_date, status) VALUES ('c771853b-b3f7-4410-a35d-1a49caaf7d0b', 'cf6115ae-3bfc-4006-8214-e195fb3c2fbb', '9c26ac0d-ab26-411b-8238-0f7a130bf967', '2024-02-25T17:17:46.927897', '2024-03-14T17:17:46.927897', '2024-03-24T17:17:46.927897', '2024-03-14T17:17:46.927897', '2024-03-24T17:17:46.927897', 'RETURNED_ON_TIME');
INSERT INTO items (id, name, description, short_description, image_url, located, created_at, borrow_count, favorite, owner, library_id, category_id, community_id) VALUES ('17dccacc-c70d-4db0-81f1-9ee7fd3eeb5f', 'Nettoyeur haute pression portatif (sans fil)', 'Utilise de l''eau à haute pression pour éliminer la saleté et la crasse. Parfait pour les tâches quotidiennes rapides comme le lavage de vélo, meubles de jardin, outils ou nettoyage ponctuel de la voiture. Alimenté par batterie, pratique et portable pour les petites tâches. Idéal pour pots de fleurs, vélos, meubles de jardin, équipements de jardin, motos et poubelles. Résumé : Nettoyeur haute pression portable, idéal pour l''entretien rapide de divers objets et espaces extérieurs.', 'Nettoyeur haute pression portable, idéal pour l''entretien rapide de divers objets et espaces extérieurs.', '/items/Handheld_Pressure_Washer_(cordless).jpg', '', '2025-02-24T17:18:01.132107', 19, True, '', 'a27a7cd0-6b5b-489d-aff3-48fec80c2327', 'a61cda29-22b6-4cce-a624-bde6cb3cc767', '36b63ace-d8b4-4ff6-8888-b48283721aab');
INSERT INTO borrow_records (id, item_id, borrowed_by, reservation_date, start_date, end_date, pickup_date, effective_return_date, status) VALUES ('a3c8811b-2ad6-40e3-81ed-52437ce03213', '17dccacc-c70d-4db0-81f1-9ee7fd3eeb5f', '885df314-dac1-48fe-a33e-e2b792c3e7c7', '2024-12-25T17:18:01.132222', '2025-01-18T17:18:01.132222', '2025-01-21T17:18:01.132222', '2025-01-18T17:18:01.132222', '2025-01-21T17:18:01.132222', 'RETURNED_ON_TIME');
INSERT INTO items (id, name, description, short_description, image_url, located, created_at, borrow_count, favorite, owner, library_id, category_id, community_id) VALUES ('3365e8f0-da48-4ab5-8b1d-ba9705223d9e', 'Télémètre laser', 'Utilisez un laser pour calculer et mesurer les distances avec précision.  Résumé : Mesurez les distances avec précision en utilisant un laser.', 'Mesurez les distances avec précision en utilisant un laser.', '/items/Laser_Measure.jpg', '', '2025-02-24T17:18:05.093785', 5, True, '', '411c6d81-4c32-4212-8103-e4beaf252e3a', '0c587804-519d-4de1-a7c7-61b700ecdcf3', 'a8b2225c-0766-406c-94b0-9fda21e05218');
INSERT INTO borrow_records (id, item_id, borrowed_by, reservation_date, start_date, end_date, pickup_date, effective_return_date, status) VALUES ('f719fa8b-4076-4d28-a2eb-8578f3bf32c3', '3365e8f0-da48-4ab5-8b1d-ba9705223d9e', '885df314-dac1-48fe-a33e-e2b792c3e7c7', '2024-08-16T17:18:05.093934', '2024-08-19T17:18:05.093934', '2024-08-27T17:18:05.093934', '2024-08-19T17:18:05.093934', NULL, 'BORROWED_LATE');
INSERT INTO borrow_records (id, item_id, borrowed_by, reservation_date, start_date, end_date, pickup_date, effective_return_date, status) VALUES ('476dc720-fe90-428d-8737-3488511b8e36', '3365e8f0-da48-4ab5-8b1d-ba9705223d9e', '5d109106-b83a-4539-9989-a0460e9afa6a', '2024-05-20T17:18:05.094049', '2024-06-04T17:18:05.094049', '2024-06-06T17:18:05.094049', '2024-06-04T17:18:05.094049', '2024-06-06T17:18:05.094049', 'RETURNED_ON_TIME');
INSERT INTO borrow_records (id, item_id, borrowed_by, reservation_date, start_date, end_date, pickup_date, effective_return_date, status) VALUES ('a21c260c-9a3b-4a08-9551-ac27c2e3b3f2', '3365e8f0-da48-4ab5-8b1d-ba9705223d9e', '5d109106-b83a-4539-9989-a0460e9afa6a', '2025-01-10T17:18:05.094116', '2025-02-09T17:18:05.094116', '2025-02-15T17:18:05.094116', '2025-02-09T17:18:05.094116', NULL, 'BORROWED_LATE');
INSERT INTO borrow_records (id, item_id, borrowed_by, reservation_date, start_date, end_date, pickup_date, effective_return_date, status) VALUES ('46e3f92a-9155-4b66-b0ac-7b36e772e510', '3365e8f0-da48-4ab5-8b1d-ba9705223d9e', '6d73f03d-50fc-4b69-8ceb-d7f9791a13ba', '2024-03-03T17:18:05.094179', '2024-03-30T17:18:05.094179', '2024-04-04T17:18:05.094179', '2024-03-30T17:18:05.094179', '2024-04-04T17:18:05.094179', 'RETURNED_ON_TIME');
INSERT INTO borrow_records (id, item_id, borrowed_by, reservation_date, start_date, end_date, pickup_date, effective_return_date, status) VALUES ('6870b555-68fe-43e9-bd6c-c72fbed3c739', '3365e8f0-da48-4ab5-8b1d-ba9705223d9e', 'd195fc96-b352-426e-b9db-e5296acec408', '2024-03-26T17:18:05.094372', '2024-04-08T17:18:05.094372', '2024-04-15T17:18:05.094372', '2024-04-08T17:18:05.094372', NULL, 'RESERVED_CONFIRMED');
INSERT INTO items (id, name, description, short_description, image_url, located, created_at, borrow_count, favorite, owner, library_id, category_id, community_id) VALUES ('f0dc991c-47ab-4dc7-a177-c2d8d3dd8e35', 'Niveau laser', 'Convient pour divers travaux nécessitant un nivellement : pose d''étagères, fenêtres, tuyaux de drainage et sols. Résumé : Outil idéal pour nivellement lors de divers travaux.', 'Outil idéal pour nivellement lors de divers travaux.', '/items/Laser_Level.jpg', '', '2025-02-24T17:18:10.870077', 18, False, '', 'e21e04ac-58e4-4f82-b693-2c9d480b0a73', '0c587804-519d-4de1-a7c7-61b700ecdcf3', 'e31ddb44-8596-4723-b52c-9152b27cee54');
INSERT INTO borrow_records (id, item_id, borrowed_by, reservation_date, start_date, end_date, pickup_date, effective_return_date, status) VALUES ('7c3d926c-001f-442e-b42c-6b981c5c9181', 'f0dc991c-47ab-4dc7-a177-c2d8d3dd8e35', '5d109106-b83a-4539-9989-a0460e9afa6a', '2024-09-01T17:18:10.870243', '2024-09-20T17:18:10.870243', '2024-09-25T17:18:10.870243', '2024-09-20T17:18:10.870243', NULL, 'RESERVED_CONFIRMED');
INSERT INTO borrow_records (id, item_id, borrowed_by, reservation_date, start_date, end_date, pickup_date, effective_return_date, status) VALUES ('8a4cbbda-ca0b-450e-acf0-6bd4a6479ad9', 'f0dc991c-47ab-4dc7-a177-c2d8d3dd8e35', '885df314-dac1-48fe-a33e-e2b792c3e7c7', '2025-02-04T17:18:10.870398', '2025-02-18T17:18:10.870398', '2025-02-23T17:18:10.870398', '2025-02-18T17:18:10.870398', '2025-02-23T17:18:10.870398', 'RETURNED_ON_TIME');
INSERT INTO borrow_records (id, item_id, borrowed_by, reservation_date, start_date, end_date, pickup_date, effective_return_date, status) VALUES ('effe0d2f-b9f4-4549-bd87-0f8a0b7fe5e8', 'f0dc991c-47ab-4dc7-a177-c2d8d3dd8e35', '9c26ac0d-ab26-411b-8238-0f7a130bf967', '2024-09-28T17:18:10.870487', '2024-10-19T17:18:10.870487', '2024-10-28T17:18:10.870487', '2024-10-19T17:18:10.870487', NULL, 'RESERVED_CONFIRMED');
INSERT INTO borrow_records (id, item_id, borrowed_by, reservation_date, start_date, end_date, pickup_date, effective_return_date, status) VALUES ('5e983627-485b-47ad-9109-f42652d1d619', 'f0dc991c-47ab-4dc7-a177-c2d8d3dd8e35', 'fdb9e254-489a-405b-8882-0f35afd0a4a7', '2024-03-27T17:18:10.870591', '2024-04-20T17:18:10.870591', '2024-04-29T17:18:10.870591', '2024-04-20T17:18:10.870591', NULL, 'BORROWED_LATE');
INSERT INTO borrow_records (id, item_id, borrowed_by, reservation_date, start_date, end_date, pickup_date, effective_return_date, status) VALUES ('b5c08dc3-51b6-4364-b511-e49b5673be2f', 'f0dc991c-47ab-4dc7-a177-c2d8d3dd8e35', '60249cc9-5823-4a7c-88d7-4c67748dbb53', '2024-08-24T17:18:10.870674', '2024-09-22T17:18:10.870674', '2024-10-06T17:18:10.870674', '2024-09-22T17:18:10.870674', NULL, 'BORROWED_LATE');
INSERT INTO items (id, name, description, short_description, image_url, located, created_at, borrow_count, favorite, owner, library_id, category_id, community_id) VALUES ('474a07a5-4276-43c1-bd23-0a719d5120f5', 'Écran de projecteur".', 'Une surface reposant au sol pour projeter films ou présentations, intérieur ou extérieur. Facile à utiliser : déclipser le boîtier, déplier les pieds, tirer l''écran.   Résumé : Surface de projection facile à utiliser pour films ou présentations, intérieur ou extérieur.', 'Surface de projection facile à utiliser pour films ou présentations, intérieur ou extérieur.', '/items/Projector_Screen.jpg', '', '2025-02-24T17:18:25.715366', 14, False, '', '318e4e5e-6857-4f7e-b518-ef92c8aab734', '0c587804-519d-4de1-a7c7-61b700ecdcf3', '02f7e795-5536-478a-8217-ec8e60405d83');
INSERT INTO borrow_records (id, item_id, borrowed_by, reservation_date, start_date, end_date, pickup_date, effective_return_date, status) VALUES ('17efff56-04fa-4bb2-827b-250f425b5a9a', '474a07a5-4276-43c1-bd23-0a719d5120f5', '9c26ac0d-ab26-411b-8238-0f7a130bf967', '2024-11-02T17:18:25.715488', '2024-11-26T17:18:25.715488', '2024-11-29T17:18:25.715488', '2024-11-26T17:18:25.715488', NULL, 'BORROWED_LATE');
INSERT INTO items (id, name, description, short_description, image_url, located, created_at, borrow_count, favorite, owner, library_id, category_id, community_id) VALUES ('c9273322-be16-41df-a846-8e0fb87f35e2', 'Aspirateur de Vitres."', 'Facilite le nettoyage des fenêtres, des parois de douche et des surfaces sans créer de traces. Il est également excellent pour éliminer la condensation.  Résumé : Nettoie et élimine la condensation sans laisser de traces.', 'Nettoie et élimine la condensation sans laisser de traces.', '/items/Window_Vac.jpg', '', '2025-02-24T17:18:30.921566', 4, True, '', 'e21e04ac-58e4-4f82-b693-2c9d480b0a73', '9e8f210f-d153-400f-b94e-6c66f9eba700', 'e31ddb44-8596-4723-b52c-9152b27cee54');
INSERT INTO borrow_records (id, item_id, borrowed_by, reservation_date, start_date, end_date, pickup_date, effective_return_date, status) VALUES ('6f8788a9-724b-43ba-a974-c49debdc71af', 'c9273322-be16-41df-a846-8e0fb87f35e2', 'd1cfa2bd-38da-4159-b956-d2d125716257', '2024-10-21T17:18:30.921635', '2024-10-22T17:18:30.921635', '2024-11-01T17:18:30.921635', '2024-10-22T17:18:30.921635', NULL, 'BORROWED_LATE');
INSERT INTO borrow_records (id, item_id, borrowed_by, reservation_date, start_date, end_date, pickup_date, effective_return_date, status) VALUES ('fcb7b684-beb7-4310-9d78-27b2ada198bd', 'c9273322-be16-41df-a846-8e0fb87f35e2', 'd34ce04c-9a79-4d4d-a533-88d4266c3c3b', '2024-10-09T17:18:30.921704', '2024-10-21T17:18:30.921704', '2024-11-04T17:18:30.921704', '2024-10-21T17:18:30.921704', NULL, 'RESERVED_CONFIRMED');
INSERT INTO borrow_records (id, item_id, borrowed_by, reservation_date, start_date, end_date, pickup_date, effective_return_date, status) VALUES ('19601094-0700-414f-b1dc-700c0ac2f120', 'c9273322-be16-41df-a846-8e0fb87f35e2', 'da1a2634-143a-4028-b821-6459f9cdd6a2', '2024-10-22T17:18:30.921748', '2024-11-03T17:18:30.921748', '2024-11-11T17:18:30.921748', '2024-11-03T17:18:30.921748', '2024-11-11T17:18:30.921748', 'RETURNED_ON_TIME');
INSERT INTO borrow_records (id, item_id, borrowed_by, reservation_date, start_date, end_date, pickup_date, effective_return_date, status) VALUES ('40aab485-8396-437f-a7f1-2ab8bb5c3d8b', 'c9273322-be16-41df-a846-8e0fb87f35e2', 'd34ce04c-9a79-4d4d-a533-88d4266c3c3b', '2024-10-16T17:18:30.921791', '2024-11-12T17:18:30.921791', '2024-11-17T17:18:30.921791', '2024-11-12T17:18:30.921791', '2024-11-17T17:18:30.921791', 'RETURNED_ON_TIME');
INSERT INTO borrow_records (id, item_id, borrowed_by, reservation_date, start_date, end_date, pickup_date, effective_return_date, status) VALUES ('49233024-df45-4ff4-a7c1-82985f7c574f', 'c9273322-be16-41df-a846-8e0fb87f35e2', '836a0e4d-8bc5-4cdc-b2a0-f98dd04080b5', '2024-09-01T17:18:30.921836', '2024-09-16T17:18:30.921836', '2024-09-26T17:18:30.921836', '2024-09-16T17:18:30.921836', '2024-09-26T17:18:30.921836', 'RETURNED_ON_TIME');
INSERT INTO items (id, name, description, short_description, image_url, located, created_at, borrow_count, favorite, owner, library_id, category_id, community_id) VALUES ('c91c3a4b-d38b-4f8f-9861-ad51ebe15f50', 'Kit de fête', 'Tout ce dont vous avez besoin pour une fête, un pique-nique ou toute autre célébration. Éliminez le gaspillage et adoptez les produits réutilisables !  Résumé : Produits réutilisables pour fêtes et pique-niques, éliminez le gaspillage.', 'Produits réutilisables pour fêtes et pique-niques, éliminez le gaspillage.', '/items/Party_Kit.jpg', '', '2025-02-24T17:18:45.635340', 3, True, '', NULL, 'ae7e4c23-8de0-41ac-9bad-1e273b382055', NULL);
INSERT INTO borrow_records (id, item_id, borrowed_by, reservation_date, start_date, end_date, pickup_date, effective_return_date, status) VALUES ('73a20006-7c2d-47d0-90ef-2e364ab83d8f', 'c91c3a4b-d38b-4f8f-9861-ad51ebe15f50', '9c26ac0d-ab26-411b-8238-0f7a130bf967', '2024-04-18T17:18:45.635511', '2024-04-27T17:18:45.635511', '2024-04-28T17:18:45.635511', '2024-04-27T17:18:45.635511', NULL, 'RESERVED_CONFIRMED');
INSERT INTO items (id, name, description, short_description, image_url, located, created_at, borrow_count, favorite, owner, library_id, category_id, community_id) VALUES ('a0c01d9c-c40d-4111-97e1-ffd7a48e4304', 'Tente, 2 personnes', 'Vous offre un endroit pour dormir en plein air ! Résumé : Offre de logement en plein air.', 'Offre de logement en plein air.', '/items/Tent,_2_person.jpg', '', '2025-02-24T17:18:49.053839', 5, True, '', NULL, 'ae7e4c23-8de0-41ac-9bad-1e273b382055', NULL);
INSERT INTO borrow_records (id, item_id, borrowed_by, reservation_date, start_date, end_date, pickup_date, effective_return_date, status) VALUES ('c5c7bf8a-c2c9-4ad9-8405-e847439483f1', 'a0c01d9c-c40d-4111-97e1-ffd7a48e4304', '836a0e4d-8bc5-4cdc-b2a0-f98dd04080b5', '2024-03-28T17:18:49.053954', '2024-04-16T17:18:49.053954', '2024-04-17T17:18:49.053954', '2024-04-16T17:18:49.053954', '2024-04-17T17:18:49.053954', 'RETURNED_ON_TIME');
INSERT INTO borrow_records (id, item_id, borrowed_by, reservation_date, start_date, end_date, pickup_date, effective_return_date, status) VALUES ('dc7faeb8-e64f-488d-a983-3069c591f16d', 'a0c01d9c-c40d-4111-97e1-ffd7a48e4304', 'da1a2634-143a-4028-b821-6459f9cdd6a2', '2024-05-21T17:18:49.054106', '2024-05-23T17:18:49.054106', '2024-05-27T17:18:49.054106', '2024-05-23T17:18:49.054106', '2024-05-27T17:18:49.054106', 'RETURNED_ON_TIME');
INSERT INTO borrow_records (id, item_id, borrowed_by, reservation_date, start_date, end_date, pickup_date, effective_return_date, status) VALUES ('d919e31a-c838-4458-91bd-45329e793003', 'a0c01d9c-c40d-4111-97e1-ffd7a48e4304', '6d73f03d-50fc-4b69-8ceb-d7f9791a13ba', '2024-12-25T17:18:49.054180', '2025-01-17T17:18:49.054180', '2025-01-19T17:18:49.054180', '2025-01-17T17:18:49.054180', NULL, 'RESERVED_CONFIRMED');
INSERT INTO items (id, name, description, short_description, image_url, located, created_at, borrow_count, favorite, owner, library_id, category_id, community_id) VALUES ('11edb272-56e9-49cb-9b3b-d591680d1741', 'Pistolet à air chaud', 'Parfait pour une multitude de travaux tels que le soudage de plastique et de tuyaux, la soudure et le rétrécissement de câbles. Livré avec 10 débits d''air, des réglages de température ajustables numériquement et quatre programmes personnalisables.  Résumé : Outil polyvalent pour soudage et rétrécissement de câbles, avec 10 débits d''air et réglages de température personnalisables.', 'Outil polyvalent pour soudage et rétrécissement de câbles, avec 10 débits d''air et réglages de température personnalisables.', '/items/Heat_Gun.jpg', '', '2025-02-24T17:18:57.616302', 3, True, '', 'a27a7cd0-6b5b-489d-aff3-48fec80c2327', 'a61cda29-22b6-4cce-a624-bde6cb3cc767', '36b63ace-d8b4-4ff6-8888-b48283721aab');
INSERT INTO borrow_records (id, item_id, borrowed_by, reservation_date, start_date, end_date, pickup_date, effective_return_date, status) VALUES ('c597f276-3255-453e-b5c5-ecafaf69e6a5', '11edb272-56e9-49cb-9b3b-d591680d1741', 'da1a2634-143a-4028-b821-6459f9cdd6a2', '2025-01-18T17:18:57.616452', '2025-02-10T17:18:57.616452', '2025-02-13T17:18:57.616452', '2025-02-10T17:18:57.616452', NULL, 'RESERVED_CONFIRMED');
INSERT INTO items (id, name, description, short_description, image_url, located, created_at, borrow_count, favorite, owner, library_id, category_id, community_id) VALUES ('52d85442-e3c2-48be-82dd-2dc484760d4c', 'Tente, 3 personnes', 'Donne un abri pour dormir en plein air, avec trois portes complètes et une lucarne en maille - idéal pour observer les étoiles la nuit !  Résumé : Abri extérieur avec trois portes et lucarne pour admirer les étoiles.', 'Abri extérieur avec trois portes et lucarne pour admirer les étoiles.', '/items/Tent,_3_person.jpg', '', '2025-02-24T17:19:05.600811', 13, False, '', 'a27a7cd0-6b5b-489d-aff3-48fec80c2327', '0c587804-519d-4de1-a7c7-61b700ecdcf3', '36b63ace-d8b4-4ff6-8888-b48283721aab');
INSERT INTO borrow_records (id, item_id, borrowed_by, reservation_date, start_date, end_date, pickup_date, effective_return_date, status) VALUES ('efaef052-6e39-4b83-b2ca-6416dbb71807', '52d85442-e3c2-48be-82dd-2dc484760d4c', '9c26ac0d-ab26-411b-8238-0f7a130bf967', '2024-04-24T17:19:05.600943', '2024-05-12T17:19:05.600943', '2024-05-15T17:19:05.600943', '2024-05-12T17:19:05.600943', NULL, 'RESERVED_CONFIRMED');
INSERT INTO borrow_records (id, item_id, borrowed_by, reservation_date, start_date, end_date, pickup_date, effective_return_date, status) VALUES ('b37dfb6d-27c9-4fe2-8398-93dbc5118664', '52d85442-e3c2-48be-82dd-2dc484760d4c', 'd1cfa2bd-38da-4159-b956-d2d125716257', '2025-01-22T17:19:05.601008', '2025-02-16T17:19:05.601008', '2025-02-27T17:19:05.601008', '2025-02-16T17:19:05.601008', '2025-02-27T17:19:05.601008', 'RETURNED_ON_TIME');
INSERT INTO borrow_records (id, item_id, borrowed_by, reservation_date, start_date, end_date, pickup_date, effective_return_date, status) VALUES ('154f5e95-0465-4758-9972-467740a41652', '52d85442-e3c2-48be-82dd-2dc484760d4c', '432a6a46-b2a8-42d3-9e8a-b3bc0573db19', '2024-04-18T17:19:05.601036', '2024-05-05T17:19:05.601036', '2024-05-12T17:19:05.601036', '2024-05-05T17:19:05.601036', '2024-05-12T17:19:05.601036', 'RETURNED_ON_TIME');
INSERT INTO borrow_records (id, item_id, borrowed_by, reservation_date, start_date, end_date, pickup_date, effective_return_date, status) VALUES ('b4eb9d47-aeec-4858-823d-eb2a95b49848', '52d85442-e3c2-48be-82dd-2dc484760d4c', 'cae3e61f-06fe-4469-a15f-f9e2d60a7b6a', '2024-12-27T17:19:05.601119', '2025-01-22T17:19:05.601119', '2025-02-02T17:19:05.601119', '2025-01-22T17:19:05.601119', NULL, 'BORROWED_LATE');
INSERT INTO borrow_records (id, item_id, borrowed_by, reservation_date, start_date, end_date, pickup_date, effective_return_date, status) VALUES ('8c59d910-d7e2-453a-b0d8-3813e2fb723a', '52d85442-e3c2-48be-82dd-2dc484760d4c', '5d109106-b83a-4539-9989-a0460e9afa6a', '2024-10-16T17:19:05.601147', '2024-10-22T17:19:05.601147', '2024-10-26T17:19:05.601147', '2024-10-22T17:19:05.601147', NULL, 'RESERVED_CONFIRMED');
INSERT INTO items (id, name, description, short_description, image_url, located, created_at, borrow_count, favorite, owner, library_id, category_id, community_id) VALUES ('59c1f4da-3335-4428-b834-96064dadf922', 'Routeur (sans fil)".', 'Façonne le bois et le plastique pour créer des bords décoratifs, rainures, fentes et assemblages à queue d''aronde en menuiserie.  Résumé : Façonne le bois et le plastique pour créer des éléments décoratifs en menuiserie.', 'Façonne le bois et le plastique pour créer des éléments décoratifs en menuiserie.', '/items/Router_(cordless).jpg', '', '2025-02-24T17:19:12.641225', 14, False, '', '411c6d81-4c32-4212-8103-e4beaf252e3a', 'f64f267c-1964-4526-8e45-e5dc0193df41', 'a8b2225c-0766-406c-94b0-9fda21e05218');
INSERT INTO borrow_records (id, item_id, borrowed_by, reservation_date, start_date, end_date, pickup_date, effective_return_date, status) VALUES ('11c05054-f766-4a7a-9bc7-6c04a01c023e', '59c1f4da-3335-4428-b834-96064dadf922', '6d73f03d-50fc-4b69-8ceb-d7f9791a13ba', '2024-05-31T17:19:12.641492', '2024-06-16T17:19:12.641492', '2024-06-26T17:19:12.641492', '2024-06-16T17:19:12.641492', NULL, 'BORROWED_LATE');
INSERT INTO borrow_records (id, item_id, borrowed_by, reservation_date, start_date, end_date, pickup_date, effective_return_date, status) VALUES ('1daddb10-cbc9-41e3-acbf-eceaa2c75131', '59c1f4da-3335-4428-b834-96064dadf922', 'd195fc96-b352-426e-b9db-e5296acec408', '2024-12-08T17:19:12.641711', '2024-12-25T17:19:12.641711', '2025-01-03T17:19:12.641711', '2024-12-25T17:19:12.641711', NULL, 'BORROWED_LATE');
INSERT INTO borrow_records (id, item_id, borrowed_by, reservation_date, start_date, end_date, pickup_date, effective_return_date, status) VALUES ('6b42c66d-a64b-43cc-87e5-390e835fadd7', '59c1f4da-3335-4428-b834-96064dadf922', '60249cc9-5823-4a7c-88d7-4c67748dbb53', '2024-09-25T17:19:12.641783', '2024-10-03T17:19:12.641783', '2024-10-04T17:19:12.641783', '2024-10-03T17:19:12.641783', '2024-10-04T17:19:12.641783', 'RETURNED_ON_TIME');
INSERT INTO borrow_records (id, item_id, borrowed_by, reservation_date, start_date, end_date, pickup_date, effective_return_date, status) VALUES ('ea758570-ebe8-4b36-934f-6b59c5107e49', '59c1f4da-3335-4428-b834-96064dadf922', 'bcca1fa5-ef15-4f52-a923-3dccc66a95eb', '2024-11-11T17:19:12.641850', '2024-11-26T17:19:12.641850', '2024-12-05T17:19:12.641850', '2024-11-26T17:19:12.641850', NULL, 'BORROWED_LATE');
INSERT INTO items (id, name, description, short_description, image_url, located, created_at, borrow_count, favorite, owner, library_id, category_id, community_id) VALUES ('e48e9634-d36e-40ea-9740-892d1e6d21de', 'Console de jeux (Nintendo 64)', 'C''est la console de jeux rétro classique de la fin des années 1990 ! Elle permet de jouer à des jeux populaires comme Mario Kart 64 et 007 Goldeneye.  Résumé : Console de jeux rétro des années 90 pour jouer à Mario Kart 64 et 007 Goldeneye.', 'Console de jeux rétro des années 90 pour jouer à Mario Kart 64 et 007 Goldeneye.', '/items/Games_Console_(Nintendo_64).jpg', '', '2025-02-24T17:19:19.587734', 20, False, '', 'e21e04ac-58e4-4f82-b693-2c9d480b0a73', 'a61cda29-22b6-4cce-a624-bde6cb3cc767', 'e31ddb44-8596-4723-b52c-9152b27cee54');
INSERT INTO borrow_records (id, item_id, borrowed_by, reservation_date, start_date, end_date, pickup_date, effective_return_date, status) VALUES ('4f475c89-325b-45f5-a874-804c6c868dd6', 'e48e9634-d36e-40ea-9740-892d1e6d21de', '60249cc9-5823-4a7c-88d7-4c67748dbb53', '2024-12-03T17:19:19.587854', '2024-12-19T17:19:19.587854', '2024-12-20T17:19:19.587854', '2024-12-19T17:19:19.587854', NULL, 'RESERVED_CONFIRMED');
INSERT INTO items (id, name, description, short_description, image_url, located, created_at, borrow_count, favorite, owner, library_id, category_id, community_id) VALUES ('6ebba904-b03e-41c0-b5b2-badd9454ea1b', 'Parc des jeux', 'Parc de jeux pour enfants comprenant des toboggans, balançoires, et aires de jeux en plein air. Résumé : Parc de jeux pour enfants avec toboggans, balançoires et aires de jeux en plein air.', 'Parc de jeux pour enfants avec toboggans, balançoires et aires de jeux en plein air.', '/items/Park_Games.jpg', '', '2025-02-24T17:19:25.744142', 5, True, '', '411c6d81-4c32-4212-8103-e4beaf252e3a', '9e8f210f-d153-400f-b94e-6c66f9eba700', 'a8b2225c-0766-406c-94b0-9fda21e05218');
INSERT INTO borrow_records (id, item_id, borrowed_by, reservation_date, start_date, end_date, pickup_date, effective_return_date, status) VALUES ('ec033c84-5314-4696-8fb8-7b9f591085d7', '6ebba904-b03e-41c0-b5b2-badd9454ea1b', 'd195fc96-b352-426e-b9db-e5296acec408', '2024-07-03T17:19:25.744259', '2024-07-18T17:19:25.744259', '2024-07-20T17:19:25.744259', '2024-07-18T17:19:25.744259', NULL, 'RESERVED_CONFIRMED');
INSERT INTO borrow_records (id, item_id, borrowed_by, reservation_date, start_date, end_date, pickup_date, effective_return_date, status) VALUES ('292e6f6d-d956-4e18-aa7c-059d3f8ca18d', '6ebba904-b03e-41c0-b5b2-badd9454ea1b', 'bcca1fa5-ef15-4f52-a923-3dccc66a95eb', '2024-11-18T17:19:25.744364', '2024-12-15T17:19:25.744364', '2024-12-23T17:19:25.744364', '2024-12-15T17:19:25.744364', NULL, 'RESERVED_CONFIRMED');
INSERT INTO borrow_records (id, item_id, borrowed_by, reservation_date, start_date, end_date, pickup_date, effective_return_date, status) VALUES ('e4a15a33-562d-4ecd-92ad-da61d7605b1b', '6ebba904-b03e-41c0-b5b2-badd9454ea1b', '432a6a46-b2a8-42d3-9e8a-b3bc0573db19', '2024-08-18T17:19:25.744436', '2024-09-04T17:19:25.744436', '2024-09-05T17:19:25.744436', '2024-09-04T17:19:25.744436', NULL, 'RESERVED_CONFIRMED');
INSERT INTO items (id, name, description, short_description, image_url, located, created_at, borrow_count, favorite, owner, library_id, category_id, community_id) VALUES ('9ffc93b1-833b-44dd-9fc5-109435c2f241', 'Radiateur."', 'Chauffez rapidement un petit espace pour des événements ou en tant que remplacement temporaire de votre source de chauffage habituelle. Taille optimale de la pièce : 25 m²  Résumé : Chauffage rapide pour petits espaces jusqu''à 25 m².', 'Chauffage rapide pour petits espaces jusqu''à 25 m².', '/items/Heater.jpg', '', '2025-02-24T17:19:31.818144', 12, False, '', '411c6d81-4c32-4212-8103-e4beaf252e3a', 'f64f267c-1964-4526-8e45-e5dc0193df41', 'a8b2225c-0766-406c-94b0-9fda21e05218');
INSERT INTO borrow_records (id, item_id, borrowed_by, reservation_date, start_date, end_date, pickup_date, effective_return_date, status) VALUES ('1e5ecbe7-6a3e-481c-8197-fd7260b96527', '9ffc93b1-833b-44dd-9fc5-109435c2f241', 'fdb9e254-489a-405b-8882-0f35afd0a4a7', '2024-04-16T17:19:31.818312', '2024-04-24T17:19:31.818312', '2024-04-26T17:19:31.818312', '2024-04-24T17:19:31.818312', NULL, 'BORROWED_LATE');
INSERT INTO borrow_records (id, item_id, borrowed_by, reservation_date, start_date, end_date, pickup_date, effective_return_date, status) VALUES ('9fca4c56-7430-4957-8372-53a7deee2457', '9ffc93b1-833b-44dd-9fc5-109435c2f241', '836a0e4d-8bc5-4cdc-b2a0-f98dd04080b5', '2024-10-20T17:19:31.818481', '2024-10-30T17:19:31.818481', '2024-11-04T17:19:31.818481', '2024-10-30T17:19:31.818481', NULL, 'BORROWED_LATE');
INSERT INTO borrow_records (id, item_id, borrowed_by, reservation_date, start_date, end_date, pickup_date, effective_return_date, status) VALUES ('5c6bba03-4fd7-41ec-ba79-fe4c31e2e835', '9ffc93b1-833b-44dd-9fc5-109435c2f241', '9c26ac0d-ab26-411b-8238-0f7a130bf967', '2024-03-06T17:19:31.818558', '2024-03-20T17:19:31.818558', '2024-03-29T17:19:31.818558', '2024-03-20T17:19:31.818558', NULL, 'RESERVED_CONFIRMED');
INSERT INTO borrow_records (id, item_id, borrowed_by, reservation_date, start_date, end_date, pickup_date, effective_return_date, status) VALUES ('ea9608ae-953f-4459-af7f-fc2cc2ff41e9', '9ffc93b1-833b-44dd-9fc5-109435c2f241', '836a0e4d-8bc5-4cdc-b2a0-f98dd04080b5', '2024-07-24T17:19:31.818629', '2024-07-30T17:19:31.818629', '2024-08-07T17:19:31.818629', '2024-07-30T17:19:31.818629', NULL, 'RESERVED_CONFIRMED');
INSERT INTO items (id, name, description, short_description, image_url, located, created_at, borrow_count, favorite, owner, library_id, category_id, community_id) VALUES ('0e0faf4a-4473-4a4e-8418-4bb454ec31d6', 'Console de jeux (PlayStation 2)', 'C''est la console de jeux classique des années 2000, permettant de jouer à des jeux populaires comme Tony Hawk''s Pro Skater 3 et The Simpsons: Hit & Run. Elle peut également lire des DVD ! Résumé : Console de jeux classique des années 2000, compatible avec des jeux populaires et capable de lire des DVD.', 'Console de jeux classique des années 2000, compatible avec des jeux populaires et capable de lire des DVD.', '/items/Games_Console_(PlayStation_2).jpg', '', '2025-02-24T17:19:39.008430', 14, True, '', '411c6d81-4c32-4212-8103-e4beaf252e3a', '0c587804-519d-4de1-a7c7-61b700ecdcf3', 'a8b2225c-0766-406c-94b0-9fda21e05218');
INSERT INTO borrow_records (id, item_id, borrowed_by, reservation_date, start_date, end_date, pickup_date, effective_return_date, status) VALUES ('66291b6d-a049-42b3-910e-2e3136694eba', '0e0faf4a-4473-4a4e-8418-4bb454ec31d6', '885df314-dac1-48fe-a33e-e2b792c3e7c7', '2024-12-12T17:19:39.008544', '2025-01-02T17:19:39.008544', '2025-01-09T17:19:39.008544', '2025-01-02T17:19:39.008544', '2025-01-09T17:19:39.008544', 'RETURNED_ON_TIME');
INSERT INTO borrow_records (id, item_id, borrowed_by, reservation_date, start_date, end_date, pickup_date, effective_return_date, status) VALUES ('c2498cd8-9b0c-4bf0-a12a-f2ea7f13efce', '0e0faf4a-4473-4a4e-8418-4bb454ec31d6', 'fdb9e254-489a-405b-8882-0f35afd0a4a7', '2024-04-20T17:19:39.008645', '2024-05-05T17:19:39.008645', '2024-05-15T17:19:39.008645', '2024-05-05T17:19:39.008645', NULL, 'BORROWED_LATE');
INSERT INTO borrow_records (id, item_id, borrowed_by, reservation_date, start_date, end_date, pickup_date, effective_return_date, status) VALUES ('d4aedbf0-f897-470c-b34d-dae0644d6e34', '0e0faf4a-4473-4a4e-8418-4bb454ec31d6', 'da1a2634-143a-4028-b821-6459f9cdd6a2', '2024-11-27T17:19:39.008707', '2024-12-09T17:19:39.008707', '2024-12-11T17:19:39.008707', '2024-12-09T17:19:39.008707', NULL, 'RESERVED_CONFIRMED');
INSERT INTO borrow_records (id, item_id, borrowed_by, reservation_date, start_date, end_date, pickup_date, effective_return_date, status) VALUES ('ad217242-e2b9-4645-ba33-77b988f02db4', '0e0faf4a-4473-4a4e-8418-4bb454ec31d6', '5d109106-b83a-4539-9989-a0460e9afa6a', '2024-11-01T17:19:39.008764', '2024-12-01T17:19:39.008764', '2024-12-08T17:19:39.008764', '2024-12-01T17:19:39.008764', '2024-12-08T17:19:39.008764', 'RETURNED_ON_TIME');
INSERT INTO items (id, name, description, short_description, image_url, located, created_at, borrow_count, favorite, owner, library_id, category_id, community_id) VALUES ('b3f5b5c4-2684-4e8c-a3f4-b5ae01dfe403', 'gazebo', 'Abri pliant et imperméable, facile à assembler, idéal pour les rassemblements dans le jardin ou les fêtes de rue - parfait par temps de pluie ou de soleil ! Résumé : Abri pliant et imperméable pour rassemblements en extérieur, facile à monter, idéal par tous temps.', 'Abri pliant et imperméable pour rassemblements en extérieur, facile à monter, idéal par tous temps.', '/items/Gazebo.jpg', '', '2025-02-24T17:19:43.273654', 11, True, '', 'a27a7cd0-6b5b-489d-aff3-48fec80c2327', '9e8f210f-d153-400f-b94e-6c66f9eba700', '36b63ace-d8b4-4ff6-8888-b48283721aab');
INSERT INTO borrow_records (id, item_id, borrowed_by, reservation_date, start_date, end_date, pickup_date, effective_return_date, status) VALUES ('6f07fa81-fe3a-48b4-85b2-f5498c90e213', 'b3f5b5c4-2684-4e8c-a3f4-b5ae01dfe403', 'd1cfa2bd-38da-4159-b956-d2d125716257', '2024-08-17T17:19:43.273758', '2024-08-28T17:19:43.273758', '2024-08-29T17:19:43.273758', '2024-08-28T17:19:43.273758', '2024-08-29T17:19:43.273758', 'RETURNED_ON_TIME');
INSERT INTO borrow_records (id, item_id, borrowed_by, reservation_date, start_date, end_date, pickup_date, effective_return_date, status) VALUES ('2d5585ad-a248-4b96-8494-734cdf3be05f', 'b3f5b5c4-2684-4e8c-a3f4-b5ae01dfe403', 'd195fc96-b352-426e-b9db-e5296acec408', '2024-07-03T17:19:43.273896', '2024-07-20T17:19:43.273896', '2024-07-21T17:19:43.273896', '2024-07-20T17:19:43.273896', '2024-07-21T17:19:43.273896', 'RETURNED_ON_TIME');
INSERT INTO borrow_records (id, item_id, borrowed_by, reservation_date, start_date, end_date, pickup_date, effective_return_date, status) VALUES ('95bb426d-1af2-49f8-b7b0-1edc87342342', 'b3f5b5c4-2684-4e8c-a3f4-b5ae01dfe403', '836a0e4d-8bc5-4cdc-b2a0-f98dd04080b5', '2025-01-16T17:19:43.273983', '2025-01-30T17:19:43.273983', '2025-02-03T17:19:43.273983', '2025-01-30T17:19:43.273983', NULL, 'RESERVED_CONFIRMED');
INSERT INTO borrow_records (id, item_id, borrowed_by, reservation_date, start_date, end_date, pickup_date, effective_return_date, status) VALUES ('4ba874a2-9886-4f0a-9491-a7a13c0df419', 'b3f5b5c4-2684-4e8c-a3f4-b5ae01dfe403', '9c26ac0d-ab26-411b-8238-0f7a130bf967', '2025-01-18T17:19:43.274066', '2025-01-29T17:19:43.274066', '2025-02-11T17:19:43.274066', '2025-01-29T17:19:43.274066', NULL, 'BORROWED_LATE');
INSERT INTO borrow_records (id, item_id, borrowed_by, reservation_date, start_date, end_date, pickup_date, effective_return_date, status) VALUES ('d4f900cf-07ea-4331-a98d-e067ad45bb91', 'b3f5b5c4-2684-4e8c-a3f4-b5ae01dfe403', 'd195fc96-b352-426e-b9db-e5296acec408', '2025-01-29T17:19:43.274151', '2025-02-14T17:19:43.274151', '2025-02-28T17:19:43.274151', '2025-02-14T17:19:43.274151', NULL, 'RESERVED_CONFIRMED');
INSERT INTO items (id, name, description, short_description, image_url, located, created_at, borrow_count, favorite, owner, library_id, category_id, community_id) VALUES ('cf169017-13f5-4171-b447-51afed713e6a', 'Sécateur de jardin (sans fil)', 'Coupe à travers de petites branches et morceaux de bois.  Résumé : Coupe petits bois et branches.', 'Coupe petits bois et branches.', '/items/Garden_Pruner_(cordless)_.jpg', '', '2025-02-24T17:19:48.599715', 4, True, '', 'a27a7cd0-6b5b-489d-aff3-48fec80c2327', 'ae7e4c23-8de0-41ac-9bad-1e273b382055', '36b63ace-d8b4-4ff6-8888-b48283721aab');
INSERT INTO borrow_records (id, item_id, borrowed_by, reservation_date, start_date, end_date, pickup_date, effective_return_date, status) VALUES ('faa35648-9528-4c96-95c9-c8996b2b4ce8', 'cf169017-13f5-4171-b447-51afed713e6a', 'bcca1fa5-ef15-4f52-a923-3dccc66a95eb', '2024-02-18T17:19:48.599834', '2024-02-26T17:19:48.599834', '2024-03-01T17:19:48.599834', '2024-02-26T17:19:48.599834', '2024-03-01T17:19:48.599834', 'RETURNED_ON_TIME');
INSERT INTO items (id, name, description, short_description, image_url, located, created_at, borrow_count, favorite, owner, library_id, category_id, community_id) VALUES ('38a5ef67-9d0c-4ac8-86e9-25068227f498', 'Trousse à outils pour vélo', 'Kit d''outils complet pour entretenir, réparer et améliorer votre vélo. Résumé : Kit d''outils complet pour vélo.', 'Kit d''outils complet pour vélo.', '/items/Bike_Toolkit.jpg', '', '2025-02-24T17:19:57.280185', 15, False, '', 'e21e04ac-58e4-4f82-b693-2c9d480b0a73', 'f64f267c-1964-4526-8e45-e5dc0193df41', 'e31ddb44-8596-4723-b52c-9152b27cee54');
INSERT INTO borrow_records (id, item_id, borrowed_by, reservation_date, start_date, end_date, pickup_date, effective_return_date, status) VALUES ('fe86745a-d3d4-4e55-9f48-2f57b4efa5f2', '38a5ef67-9d0c-4ac8-86e9-25068227f498', 'd34ce04c-9a79-4d4d-a533-88d4266c3c3b', '2024-06-14T17:19:57.280263', '2024-06-26T17:19:57.280263', '2024-06-27T17:19:57.280263', '2024-06-26T17:19:57.280263', NULL, 'RESERVED_CONFIRMED');
INSERT INTO borrow_records (id, item_id, borrowed_by, reservation_date, start_date, end_date, pickup_date, effective_return_date, status) VALUES ('b0731b3c-d71a-48c8-962a-07be03c77b63', '38a5ef67-9d0c-4ac8-86e9-25068227f498', 'fdb9e254-489a-405b-8882-0f35afd0a4a7', '2024-05-15T17:19:57.280358', '2024-06-10T17:19:57.280358', '2024-06-18T17:19:57.280358', '2024-06-10T17:19:57.280358', NULL, 'BORROWED_LATE');
INSERT INTO items (id, name, description, short_description, image_url, located, created_at, borrow_count, favorite, owner, library_id, category_id, community_id) VALUES ('1087314a-0118-4e17-9547-19bbd71bf549', 'Machine à Popcorn', 'Préparez un délicieux pop-corn en 3 à 5 minutes ! Résumé : Préparez du pop-corn en quelques minutes !', 'Préparez du pop-corn en quelques minutes !', '/items/Popcorn_Maker.jpg', '', '2025-02-24T17:20:02.069381', 14, True, '', '411c6d81-4c32-4212-8103-e4beaf252e3a', 'f64f267c-1964-4526-8e45-e5dc0193df41', 'a8b2225c-0766-406c-94b0-9fda21e05218');
INSERT INTO borrow_records (id, item_id, borrowed_by, reservation_date, start_date, end_date, pickup_date, effective_return_date, status) VALUES ('de37e755-325c-4a96-9966-37b781423c24', '1087314a-0118-4e17-9547-19bbd71bf549', '5d109106-b83a-4539-9989-a0460e9afa6a', '2024-12-22T17:20:02.069490', '2025-01-03T17:20:02.069490', '2025-01-04T17:20:02.069490', '2025-01-03T17:20:02.069490', '2025-01-04T17:20:02.069490', 'RETURNED_ON_TIME');
INSERT INTO items (id, name, description, short_description, image_url, located, created_at, borrow_count, favorite, owner, library_id, category_id, community_id) VALUES ('99746dc6-ca2b-44cf-9fa0-c78c6d481824', 'Friteuse à air".', 'Cuisinez, faites frire et cuire au four en utilisant de l''air chaud pour imiter un four à convection traditionnel ! Rendez l''extérieur des aliments croustillant, avec des résultats savoureux.  Résumé : Cuisinez avec l''air chaud pour des aliments croustillants et savoureux, avec quatre fonctions de cuisson différentes.', 'Cuisinez avec l''air chaud pour des aliments croustillants et savoureux, avec quatre fonctions de cuisson différentes.', '/items/Air_Fryer.jpg', '', '2025-02-24T17:20:11.189103', 5, False, '', '4c8afacc-121e-421c-89d5-e83d9b6315c0', '0c587804-519d-4de1-a7c7-61b700ecdcf3', 'a418f7f3-e853-4430-9bf5-c33440fa38cf');
INSERT INTO borrow_records (id, item_id, borrowed_by, reservation_date, start_date, end_date, pickup_date, effective_return_date, status) VALUES ('28dafc7e-3580-41e1-8343-ea83407266f4', '99746dc6-ca2b-44cf-9fa0-c78c6d481824', 'd1cfa2bd-38da-4159-b956-d2d125716257', '2024-06-10T17:20:11.189247', '2024-07-07T17:20:11.189247', '2024-07-21T17:20:11.189247', '2024-07-07T17:20:11.189247', NULL, 'RESERVED_CONFIRMED');
INSERT INTO borrow_records (id, item_id, borrowed_by, reservation_date, start_date, end_date, pickup_date, effective_return_date, status) VALUES ('8b93ffab-2541-4122-90e0-e8cbd1d75a03', '99746dc6-ca2b-44cf-9fa0-c78c6d481824', '6d73f03d-50fc-4b69-8ceb-d7f9791a13ba', '2024-04-21T17:20:11.189372', '2024-05-10T17:20:11.189372', '2024-05-16T17:20:11.189372', '2024-05-10T17:20:11.189372', NULL, 'RESERVED_CONFIRMED');
INSERT INTO items (id, name, description, short_description, image_url, located, created_at, borrow_count, favorite, owner, library_id, category_id, community_id) VALUES ('88235ea0-58a2-4c00-aa3f-e065a5ce3923', 'Pistolet à clous (sans fil)', 'Enfoncez les clous dans les matériaux sans effort, simplifiant ainsi les tâches répétitives de clouage importantes. Résumé : Enfoncez les clous facilement pour simplifier les tâches de clouage.', 'Enfoncez les clous facilement pour simplifier les tâches de clouage.', '/items/Nail_Gun_(cordless).jpg', '', '2025-02-24T17:20:16.382058', 1, False, '', '318e4e5e-6857-4f7e-b518-ef92c8aab734', 'f64f267c-1964-4526-8e45-e5dc0193df41', '02f7e795-5536-478a-8217-ec8e60405d83');
INSERT INTO borrow_records (id, item_id, borrowed_by, reservation_date, start_date, end_date, pickup_date, effective_return_date, status) VALUES ('db875749-353b-4d22-8cf4-c4b5c69f3d81', '88235ea0-58a2-4c00-aa3f-e065a5ce3923', '9c26ac0d-ab26-411b-8238-0f7a130bf967', '2024-08-13T17:20:16.382161', '2024-09-01T17:20:16.382161', '2024-09-11T17:20:16.382161', '2024-09-01T17:20:16.382161', '2024-09-11T17:20:16.382161', 'RETURNED_ON_TIME');
INSERT INTO borrow_records (id, item_id, borrowed_by, reservation_date, start_date, end_date, pickup_date, effective_return_date, status) VALUES ('cae87563-50e2-472e-8035-ce65e662bebe', '88235ea0-58a2-4c00-aa3f-e065a5ce3923', '6d73f03d-50fc-4b69-8ceb-d7f9791a13ba', '2024-07-30T17:20:16.382282', '2024-08-10T17:20:16.382282', '2024-08-18T17:20:16.382282', '2024-08-10T17:20:16.382282', '2024-08-18T17:20:16.382282', 'RETURNED_ON_TIME');
INSERT INTO borrow_records (id, item_id, borrowed_by, reservation_date, start_date, end_date, pickup_date, effective_return_date, status) VALUES ('92165286-5f04-4021-b31c-681d525588cd', '88235ea0-58a2-4c00-aa3f-e065a5ce3923', '5d109106-b83a-4539-9989-a0460e9afa6a', '2024-07-17T17:20:16.382368', '2024-08-15T17:20:16.382368', '2024-08-29T17:20:16.382368', '2024-08-15T17:20:16.382368', '2024-08-29T17:20:16.382368', 'RETURNED_ON_TIME');
INSERT INTO items (id, name, description, short_description, image_url, located, created_at, borrow_count, favorite, owner, library_id, category_id, community_id) VALUES ('09b68b47-ab6a-4a2c-853f-e9a149791376', 'Dremel', 'Outil rotatif intelligent multifonction adapté au ponçage, à la gravure, au nettoyage, au polissage, au meulage et à l''affûtage de diverses surfaces et matériaux. Résumé : Outil rotatif multifonction pour diverses tâches de finition sur différents matériaux.', 'Outil rotatif multifonction pour diverses tâches de finition sur différents matériaux.', '/items/Dremel.jpg', '', '2025-02-24T17:20:25.241334', 13, False, '', 'a27a7cd0-6b5b-489d-aff3-48fec80c2327', 'f64f267c-1964-4526-8e45-e5dc0193df41', '36b63ace-d8b4-4ff6-8888-b48283721aab');
INSERT INTO borrow_records (id, item_id, borrowed_by, reservation_date, start_date, end_date, pickup_date, effective_return_date, status) VALUES ('2b0d85f8-2a94-4a3f-9376-103ed56aabb5', '09b68b47-ab6a-4a2c-853f-e9a149791376', '885df314-dac1-48fe-a33e-e2b792c3e7c7', '2024-06-06T17:20:25.241428', '2024-06-30T17:20:25.241428', '2024-07-13T17:20:25.241428', '2024-06-30T17:20:25.241428', NULL, 'RESERVED_CONFIRMED');
INSERT INTO borrow_records (id, item_id, borrowed_by, reservation_date, start_date, end_date, pickup_date, effective_return_date, status) VALUES ('c7e96b6d-9986-461c-a35a-24b5aa1b74d2', '09b68b47-ab6a-4a2c-853f-e9a149791376', 'cae3e61f-06fe-4469-a15f-f9e2d60a7b6a', '2024-05-17T17:20:25.241555', '2024-06-01T17:20:25.241555', '2024-06-10T17:20:25.241555', '2024-06-01T17:20:25.241555', '2024-06-10T17:20:25.241555', 'RETURNED_ON_TIME');
INSERT INTO items (id, name, description, short_description, image_url, located, created_at, borrow_count, favorite, owner, library_id, category_id, community_id) VALUES ('d456a142-20c5-49b3-9394-9e634333649a', 'Détecteur de métaux', 'Balayez le sol pour détecter la présence de métal à proximité. Cet outil est idéal pour retrouver des objets métalliques enterrés ou pour localiser des repères de propriété, des clés perdues ou des pièces de machine. Résumé : Outil de détection de métal pour retrouver des objets enterrés ou des clés perdues.', 'Outil de détection de métal pour retrouver des objets enterrés ou des clés perdues.', '/items/Metal_Detector.jpg', '', '2025-02-24T17:20:31.290736', 10, True, '', 'e21e04ac-58e4-4f82-b693-2c9d480b0a73', '0c587804-519d-4de1-a7c7-61b700ecdcf3', 'e31ddb44-8596-4723-b52c-9152b27cee54');
INSERT INTO borrow_records (id, item_id, borrowed_by, reservation_date, start_date, end_date, pickup_date, effective_return_date, status) VALUES ('6438e01d-e822-4be0-aa41-8fd45584edf2', 'd456a142-20c5-49b3-9394-9e634333649a', 'fdb9e254-489a-405b-8882-0f35afd0a4a7', '2024-03-27T17:20:31.290819', '2024-03-31T17:20:31.290819', '2024-04-05T17:20:31.290819', '2024-03-31T17:20:31.290819', NULL, 'BORROWED_LATE');
INSERT INTO items (id, name, description, short_description, image_url, located, created_at, borrow_count, favorite, owner, library_id, category_id, community_id) VALUES ('85d18a46-f3eb-4cd5-86c2-c93a2d6f8d12', 'Cisailles électriques de jardin', 'Cisailles légères pour façonner les buissons, arbustes et bordures de pelouse. L''accessoire taille-arbustes est parfait pour tailler et entretenir les petites haies persistantes et les arbres d''ornement à petites feuilles jusqu''à 8 mm d''épaisseur de branche. L''accessoire coupe-herbe est idéal pour réaliser les bordures autour des petites pelouses, patios, terrasses et massifs de fleurs.  Résumé : Cisailles légères pour buissons, arbustes et bordures. Accessoires taille-arbustes et coupe-herbe adaptés pour petites haies et pel', 'Cisailles légères pour buissons, arbustes et bordures. Accessoires taille-arbustes et coupe-herbe adaptés pour petites haies et pel', '/items/Garden_Power_Shears.jpg', '', '2025-02-24T17:20:41.876470', 9, False, '', '4c8afacc-121e-421c-89d5-e83d9b6315c0', '0c587804-519d-4de1-a7c7-61b700ecdcf3', 'a418f7f3-e853-4430-9bf5-c33440fa38cf');
INSERT INTO borrow_records (id, item_id, borrowed_by, reservation_date, start_date, end_date, pickup_date, effective_return_date, status) VALUES ('c9da9680-0a31-4a27-a9e6-6d67e36a2b0b', '85d18a46-f3eb-4cd5-86c2-c93a2d6f8d12', 'd195fc96-b352-426e-b9db-e5296acec408', '2024-08-06T17:20:41.876558', '2024-09-02T17:20:41.876558', '2024-09-11T17:20:41.876558', '2024-09-02T17:20:41.876558', NULL, 'BORROWED_LATE');
INSERT INTO borrow_records (id, item_id, borrowed_by, reservation_date, start_date, end_date, pickup_date, effective_return_date, status) VALUES ('cfc16d0e-1f01-4961-a0bd-c112af61c115', '85d18a46-f3eb-4cd5-86c2-c93a2d6f8d12', '432a6a46-b2a8-42d3-9e8a-b3bc0573db19', '2024-11-20T17:20:41.876662', '2024-12-15T17:20:41.876662', '2024-12-26T17:20:41.876662', '2024-12-15T17:20:41.876662', '2024-12-26T17:20:41.876662', 'RETURNED_ON_TIME');
INSERT INTO borrow_records (id, item_id, borrowed_by, reservation_date, start_date, end_date, pickup_date, effective_return_date, status) VALUES ('cdd6356f-edec-4d50-b308-97db82d17c47', '85d18a46-f3eb-4cd5-86c2-c93a2d6f8d12', '5d109106-b83a-4539-9989-a0460e9afa6a', '2024-04-28T17:20:41.876730', '2024-05-25T17:20:41.876730', '2024-05-27T17:20:41.876730', '2024-05-25T17:20:41.876730', NULL, 'BORROWED_LATE');
INSERT INTO borrow_records (id, item_id, borrowed_by, reservation_date, start_date, end_date, pickup_date, effective_return_date, status) VALUES ('e37d364b-5b91-4cbb-8c76-a8ad6b3d1bc1', '85d18a46-f3eb-4cd5-86c2-c93a2d6f8d12', 'da1a2634-143a-4028-b821-6459f9cdd6a2', '2024-09-25T17:20:41.876792', '2024-10-09T17:20:41.876792', '2024-10-15T17:20:41.876792', '2024-10-09T17:20:41.876792', NULL, 'RESERVED_CONFIRMED');
INSERT INTO borrow_records (id, item_id, borrowed_by, reservation_date, start_date, end_date, pickup_date, effective_return_date, status) VALUES ('e09dabd8-ed64-48d9-96d0-5d206be32d42', '85d18a46-f3eb-4cd5-86c2-c93a2d6f8d12', '6d73f03d-50fc-4b69-8ceb-d7f9791a13ba', '2024-02-18T17:20:41.876855', '2024-03-04T17:20:41.876855', '2024-03-10T17:20:41.876855', '2024-03-04T17:20:41.876855', NULL, 'BORROWED_LATE');
INSERT INTO items (id, name, description, short_description, image_url, located, created_at, borrow_count, favorite, owner, library_id, category_id, community_id) VALUES ('fafbc094-18d0-4390-85bd-56fd350433d9', 'Caméra d’inspection', 'Inspection efficace et documentation des zones difficiles d''accès. Parfait pour visualiser l''intérieur des boîtes de services publics et des tuyaux, derrière les cavités murales, ainsi que pour les systèmes hydrauliques et les applications automobiles.  Résumé : Inspection visuelle des zones difficiles d''accès pour services publics, tuyaux, cavités murales, systèmes hydrauliques et automobiles.', 'Inspection visuelle des zones difficiles d''accès pour services publics, tuyaux, cavités murales, systèmes hydrauliques et automobiles.', '/items/Inspection_Camera.jpg', '', '2025-02-24T17:20:49.040291', 11, False, '', 'e21e04ac-58e4-4f82-b693-2c9d480b0a73', 'f64f267c-1964-4526-8e45-e5dc0193df41', 'e31ddb44-8596-4723-b52c-9152b27cee54');
INSERT INTO borrow_records (id, item_id, borrowed_by, reservation_date, start_date, end_date, pickup_date, effective_return_date, status) VALUES ('3985eff4-e63c-44bd-ae14-8cac9c17d4a4', 'fafbc094-18d0-4390-85bd-56fd350433d9', 'cae3e61f-06fe-4469-a15f-f9e2d60a7b6a', '2024-02-09T17:20:49.040354', '2024-03-07T17:20:49.040354', '2024-03-08T17:20:49.040354', '2024-03-07T17:20:49.040354', NULL, 'BORROWED_LATE');
INSERT INTO borrow_records (id, item_id, borrowed_by, reservation_date, start_date, end_date, pickup_date, effective_return_date, status) VALUES ('d10979df-ee59-4eb1-baff-5f5a4a09ff7d', 'fafbc094-18d0-4390-85bd-56fd350433d9', 'd1cfa2bd-38da-4159-b956-d2d125716257', '2024-08-29T17:20:49.040413', '2024-09-03T17:20:49.040413', '2024-09-07T17:20:49.040413', '2024-09-03T17:20:49.040413', NULL, 'RESERVED_CONFIRMED');
INSERT INTO borrow_records (id, item_id, borrowed_by, reservation_date, start_date, end_date, pickup_date, effective_return_date, status) VALUES ('00440984-d5c8-4112-ad79-f83560534a0e', 'fafbc094-18d0-4390-85bd-56fd350433d9', 'd1cfa2bd-38da-4159-b956-d2d125716257', '2024-11-26T17:20:49.040450', '2024-12-07T17:20:49.040450', '2024-12-11T17:20:49.040450', '2024-12-07T17:20:49.040450', NULL, 'RESERVED_CONFIRMED');
INSERT INTO borrow_records (id, item_id, borrowed_by, reservation_date, start_date, end_date, pickup_date, effective_return_date, status) VALUES ('95d4a4b1-a2a4-4672-9a38-a48b70b99010', 'fafbc094-18d0-4390-85bd-56fd350433d9', 'da1a2634-143a-4028-b821-6459f9cdd6a2', '2024-10-23T17:20:49.040484', '2024-11-17T17:20:49.040484', '2024-11-20T17:20:49.040484', '2024-11-17T17:20:49.040484', NULL, 'RESERVED_CONFIRMED');
INSERT INTO items (id, name, description, short_description, image_url, located, created_at, borrow_count, favorite, owner, library_id, category_id, community_id) VALUES ('cecb1706-966c-4eea-86a2-c0139f42ebb1', 'Moniteur de qualité de l''air', 'Détecte les polluants tels que le formaldéhyde (HCHO) et les composés organiques volatils totaux (COVT) à l''intérieur, mesure la concentration de PM2.5 (particules fines), la température et l''humidité de l''air. Adapté pour la maison et le bureau.  Résumé : Détecteur de polluants et de particules fines pour la maison et le bureau.', 'Détecteur de polluants et de particules fines pour la maison et le bureau.', '/items/Air_Quality_Monitor.jpg', '', '2025-02-24T17:20:57.642480', 2, False, '', 'e21e04ac-58e4-4f82-b693-2c9d480b0a73', '9e8f210f-d153-400f-b94e-6c66f9eba700', 'e31ddb44-8596-4723-b52c-9152b27cee54');
INSERT INTO borrow_records (id, item_id, borrowed_by, reservation_date, start_date, end_date, pickup_date, effective_return_date, status) VALUES ('d9094d05-42a2-4a70-9fe3-6d6061a9c388', 'cecb1706-966c-4eea-86a2-c0139f42ebb1', '6d73f03d-50fc-4b69-8ceb-d7f9791a13ba', '2024-07-02T17:20:57.642604', '2024-07-03T17:20:57.642604', '2024-07-08T17:20:57.642604', '2024-07-03T17:20:57.642604', '2024-07-08T17:20:57.642604', 'RETURNED_ON_TIME');
INSERT INTO borrow_records (id, item_id, borrowed_by, reservation_date, start_date, end_date, pickup_date, effective_return_date, status) VALUES ('252b9a5f-3ed6-4561-9e90-4fc2f5314777', 'cecb1706-966c-4eea-86a2-c0139f42ebb1', 'd34ce04c-9a79-4d4d-a533-88d4266c3c3b', '2024-06-06T17:20:57.642704', '2024-06-23T17:20:57.642704', '2024-06-28T17:20:57.642704', '2024-06-23T17:20:57.642704', NULL, 'BORROWED_LATE');
INSERT INTO borrow_records (id, item_id, borrowed_by, reservation_date, start_date, end_date, pickup_date, effective_return_date, status) VALUES ('ed86d1a3-89d7-46ff-99af-cb4bcae91431', 'cecb1706-966c-4eea-86a2-c0139f42ebb1', 'da1a2634-143a-4028-b821-6459f9cdd6a2', '2024-03-25T17:20:57.642768', '2024-03-26T17:20:57.642768', '2024-03-29T17:20:57.642768', '2024-03-26T17:20:57.642768', NULL, 'RESERVED_CONFIRMED');
INSERT INTO borrow_records (id, item_id, borrowed_by, reservation_date, start_date, end_date, pickup_date, effective_return_date, status) VALUES ('5ace2058-b8f9-441a-a79f-6e3d64a596a9', 'cecb1706-966c-4eea-86a2-c0139f42ebb1', 'bcca1fa5-ef15-4f52-a923-3dccc66a95eb', '2024-10-04T17:20:57.642835', '2024-10-14T17:20:57.642835', '2024-10-24T17:20:57.642835', '2024-10-14T17:20:57.642835', NULL, 'RESERVED_CONFIRMED');
INSERT INTO items (id, name, description, short_description, image_url, located, created_at, borrow_count, favorite, owner, library_id, category_id, community_id) VALUES ('44820d5c-94b3-4413-a71a-0aa42fb22aaa', 'Lit escamotable.', 'Un lit dans un sac : lit pop-up facile à assembler, offrant un couchage temporaire et confortable pour les invités. Résumé : Lit pop-up temporaire et confortable pour les invités.', 'Lit pop-up temporaire et confortable pour les invités.', '/items/Pop-up_Bed.jpg', '', '2025-02-24T17:21:05.544810', 10, True, '', '4c8afacc-121e-421c-89d5-e83d9b6315c0', '0c587804-519d-4de1-a7c7-61b700ecdcf3', 'a418f7f3-e853-4430-9bf5-c33440fa38cf');
INSERT INTO borrow_records (id, item_id, borrowed_by, reservation_date, start_date, end_date, pickup_date, effective_return_date, status) VALUES ('419eda75-096d-4253-bd27-7e379c85c8df', '44820d5c-94b3-4413-a71a-0aa42fb22aaa', 'bcca1fa5-ef15-4f52-a923-3dccc66a95eb', '2024-11-02T17:21:05.544930', '2024-11-13T17:21:05.544930', '2024-11-18T17:21:05.544930', '2024-11-13T17:21:05.544930', '2024-11-18T17:21:05.544930', 'RETURNED_ON_TIME');
INSERT INTO borrow_records (id, item_id, borrowed_by, reservation_date, start_date, end_date, pickup_date, effective_return_date, status) VALUES ('eef6d241-ed96-48fc-9e9e-a1251fc453d7', '44820d5c-94b3-4413-a71a-0aa42fb22aaa', '836a0e4d-8bc5-4cdc-b2a0-f98dd04080b5', '2024-02-04T17:21:05.545007', '2024-02-29T17:21:05.545007', '2024-03-08T17:21:05.545007', '2024-02-29T17:21:05.545007', NULL, 'RESERVED_CONFIRMED');
INSERT INTO items (id, name, description, short_description, image_url, located, created_at, borrow_count, favorite, owner, library_id, category_id, community_id) VALUES ('b6f29981-621f-41af-bc65-18a2d117006e', 'Lit de voyage', 'Se plie rapidement et facilement en un lit confortable pour un bébé ou un tout-petit (jusqu''à 14 kg). Se range dans un sac de voyage pour le rendre facilement portable lors de nuits hors de la maison ou pour les invités en visite.  Résumé : Lit pliable pour bébé jusqu''à 14 kg, portable et confortable en voyage ou en visite.', 'Lit pliable pour bébé jusqu''à 14 kg, portable et confortable en voyage ou en visite.', '/items/Travel_Cot.jpg', '', '2025-02-24T17:21:13.335889', 11, True, '', '4c8afacc-121e-421c-89d5-e83d9b6315c0', '9e8f210f-d153-400f-b94e-6c66f9eba700', 'a418f7f3-e853-4430-9bf5-c33440fa38cf');
INSERT INTO borrow_records (id, item_id, borrowed_by, reservation_date, start_date, end_date, pickup_date, effective_return_date, status) VALUES ('e8cbffd3-473b-46b0-b457-06d55c656eb6', 'b6f29981-621f-41af-bc65-18a2d117006e', 'd34ce04c-9a79-4d4d-a533-88d4266c3c3b', '2024-03-22T17:21:13.335941', '2024-03-30T17:21:13.335941', '2024-04-13T17:21:13.335941', '2024-03-30T17:21:13.335941', NULL, 'BORROWED_LATE');
INSERT INTO borrow_records (id, item_id, borrowed_by, reservation_date, start_date, end_date, pickup_date, effective_return_date, status) VALUES ('43983d1e-ce4c-4478-934c-5a3f5f4130e4', 'b6f29981-621f-41af-bc65-18a2d117006e', '9c26ac0d-ab26-411b-8238-0f7a130bf967', '2024-06-03T17:21:13.335983', '2024-06-25T17:21:13.335983', '2024-06-28T17:21:13.335983', '2024-06-25T17:21:13.335983', '2024-06-28T17:21:13.335983', 'RETURNED_ON_TIME');
